"","PC1","PC2","PC3","PC4","PC5","class"
"1",-2.88499194533066,-0.706630075108395,0.731000281327647,0.431090109540534,-0.903000718882746,"1"
"2",-1.65720376210667,-0.978999496444399,1.38909604776729,-0.478117545358958,-0.410892383326583,"1"
"3",-0.564875830677852,-0.472952642692342,1.26273763160484,0.744234301809211,-0.81524504347201,"1"
"4",-0.803299255121229,-2.63401599564256,0.237238859517163,-0.748129963833732,-0.601313449108263,"1"
"5",-0.177637510974342,-3.41946338411435,0.20160246571846,-0.532421744208114,-0.225926338712911,"1"
"6",0.687053838772946,-2.22973714560294,0.535794464097014,0.672319213091122,-0.27234326139026,"1"
"7",0.0232634320754424,-1.34549049355879,0.349067939378156,0.626796373823397,-0.911661246334642,"1"
"8",0.514333250764285,-0.12924876156123,1.3010569268268,0.032831860948462,-1.01127974633406,"1"
"9",0.76415264530941,-0.440501168263592,1.91556516747857,-0.29179912971898,-0.471761832170735,"2"
"10",1.09212423062904,-1.68791269161666,0.47201198962026,-2.03699349315037,-0.910865694271139,"1"
"11",0.714318513776066,-1.20929883142096,1.27588152190868,0.940219139400052,-0.389262306932306,"1"
"12",0.0553409081629906,-4.30123696017339,-0.274030127915399,0.336802216729577,-0.221831963772008,"1"
"13",0.221772221277654,-2.18384675927539,0.558219745332535,0.736786387546921,-0.641549543390145,"1"
"14",0.856874842376642,-5.29755907939677,-1.97003310196278,1.53165335359418,-0.773297375937474,"2"
"15",1.72392299268633,-0.734762026963486,1.00702272755043,-0.736644070278782,-0.933750393432022,"3"
"16",1.66151852696428,-1.58191730243166,0.94928577141746,0.621456605544454,-0.657563724885622,"2"
"17",1.29051020986651,-1.97655057613957,1.26683704964708,-1.14192835252533,-0.490957641465627,"3"
"18",1.16540712377709,-4.5789326077516,0.387348739577745,0.173983717885073,-0.126294479835519,"3"
"19",1.53559779716032,-3.70253920522937,0.0265715923652529,-0.0860057843772513,-0.301293870924316,"3"
"20",2.30754760447793,-2.41190549626328,2.91347192903785,-0.375751504269963,0.287541317048472,"3"
"21",0.69481369164863,-3.71906903515712,-0.588845550931951,-0.634000281299808,-1.16814528560527,"4"
"22",1.62345219123975,-2.76506584304675,0.623861276735455,-0.109908939915847,-0.808545765267922,"3"
"23",2.17839251310526,-2.93572648150658,0.877781118871908,-0.53230921757785,-0.384881065706568,"4"
"24",1.44916692564742,-1.12157950594813,1.32479713030048,0.923959563008204,-0.908075246211164,"4"
"25",0.847543838090663,-0.783761469743876,1.13467679033755,1.17371055809541,-1.2911702633119,"4"
"26",0.488381873319945,-0.212112128916781,2.27308030146237,1.32429609391025,-0.967674028913111,"4"
"27",0.60351411816292,-4.38170708530184,-0.719591592833459,0.13623401706515,-1.14006622125583,"4"
"28",1.40141159392213,-2.04665943059992,1.13847181403175,-0.752909514500572,-1.04827958662869,"4"
"29",1.51251931227457,-3.15668436507046,1.45818106693091,0.590071211655984,-0.235868838602994,"4"
"30",0.206350370650786,-2.31405787712327,3.13958155272642,-0.630479049844209,0.0109698752964528,"4"
"31",-0.898103685323175,-1.22131225129397,2.07102737794015,0.808762794675865,-1.174920038245,"4"
"32",-0.467968103392407,-1.98241598246819,-0.193607582802389,2.04744299860854,-1.8831371340277,"4"
"33",-2.03732571370724,-2.05627885100119,1.07084657098817,-0.665488046598337,-1.56351752341225,"4"
"34",-1.29188068865864,-4.16238790407005,0.483469337371917,1.18270937614018,-0.89678408782585,"3"
"35",-2.44953685133413,-2.25495728827904,2.6378619736105,0.749554229828555,-0.527987367529883,"3"
"36",-4.7296927383803,-0.268250504407096,1.1517476177441,-0.442505064058711,-0.178140358964748,"3"
"37",-3.06137066592529,-0.590953933696104,0.513417668587523,1.01010920974521,-0.22697875066844,"3"
"38",-3.32277921641898,-2.66342561352082,0.636876735501482,0.691762923975842,0.372299818838284,"3"
"39",-3.26011677204157,-3.10622425709293,1.32728494597001,-0.382524511973794,1.07743968575104,"4"
"40",-3.36812706162247,-1.69650247324315,0.25055077047132,-0.2827518498771,-0.215930783046613,"4"
"41",-3.71355165674924,-3.3395574941379,0.770084797668495,0.0726517120244865,0.82692870397226,"2"
"42",-4.02783782155759,-2.18161739416916,-0.730641447872764,0.186045084430963,-0.729167140131288,"3"
"43",-2.62024657214433,-0.229970915063644,2.44408020976468,-0.0832872845136684,0.345527357231095,"3"
"44",-2.74239857139,-0.933122861719378,1.63535470399242,0.64489744929009,0.159367856349873,"3"
"45",-2.5415018040919,-2.65841088442386,0.589573303598247,0.183212287507254,0.213735993354079,"3"
"46",-2.9639172165535,-0.559408259155796,-0.93788412250101,-0.447785006671074,-1.3458007391229,"2"
"47",-2.86144594057745,-0.600306374664035,1.37169581439965,-0.658531510770328,-0.274563891306555,"2"
"48",-2.53320427728039,-2.9787244608538,0.522104700489746,0.964113770036553,0.383131952820572,"2"
"49",-3.84970730394491,-2.24550905074309,0.120203253468805,-0.103149998833865,-0.520906322721424,"2"
"50",-2.92237938713191,-1.6015955065716,1.65924642864117,0.561984434820681,0.0408276172192732,"2"
"51",-3.33086986909821,-0.204645499931653,0.624951321675528,0.678290955300806,-1.0298625869068,"3"
"52",-2.32216098490529,-1.74621403286861,0.533653885272003,-0.640140490548112,-0.587679353435513,"2"
"53",-1.05224463911593,-1.68252477829107,1.00255046253328,-1.25098560193482,-0.140814861034168,"2"
"54",-0.649410246954022,-0.00535686204772461,2.38990471526282,0.326478047520824,-0.0191448693746882,"2"
"55",-1.32527838966124,0.175502569860067,1.90241669313009,0.51650643452282,-0.398337369434351,"2"
"56",-1.12358595066234,0.173375237290441,1.66863629657775,-1.26494030797684,-0.813820076724024,"2"
"57",-0.848889232431654,-2.2086891227082,-0.135924492771626,-0.416846829595593,-0.755194018515062,"2"
"58",0.0819341439671163,-0.135660307696674,1.1660404266245,-0.199098357046097,-0.62885200143062,"3"
"59",0.597962367342922,-1.26713696106442,0.82522804800364,-0.691427933596455,-0.492120240385274,"3"
"60",0.902608463985427,-0.190907841257036,1.10051290557252,-1.63175825190722,-0.862569527304653,"2"
"61",0.70831280945796,-0.938861529544485,0.733818780775247,-0.426624158074068,-0.689101099333861,"3"
"62",0.402765299790607,-1.88025812849055,0.77315549584796,0.285945575136295,-0.306077762799862,"2"
"63",0.662942785899603,-1.48940909348526,1.49101551581324,-1.34831483134972,-0.330974047757575,"2"
"64",1.41579659056255,0.0189131007577989,1.74002501433457,-0.94319068501864,-0.546185873025071,"3"
"65",1.35914849409377,0.260826973518578,1.17469746580148,0.324564858402265,-0.877679462767137,"3"
"66",1.05993173372752,-1.85683989824203,1.39691942475994,-0.119600532296811,-0.266093234573852,"3"
"67",0.89104886279959,-1.32649106627892,0.222228734676691,-0.170467948956514,-1.11544685275375,"4"
"68",1.68026575021539,-1.61077630879298,1.30671195337342,-1.67141173631852,-0.54263225065004,"4"
"69",1.46578129905102,-0.48497846114535,0.95374020785645,-2.10733089072667,-1.12407984240995,"4"
"70",1.50505586041375,-1.26047046641103,-0.126155755855406,-0.318827779553508,-1.31389982475659,"4"
"71",1.66476940900689,-0.677258164910598,1.23879452090622,0.031285083140891,-0.800688120946308,"4"
"72",2.19099411998934,-0.627791834123455,1.94750977016365,0.356492985922915,-0.385842718152531,"4"
"73",2.07616116466898,-1.49225329355776,0.939180525121145,-0.955567484653333,-0.762384959990803,"5"
"74",1.4329486099695,-1.89074348066684,0.906138779423535,0.420936749878308,-0.623409906484037,"5"
"75",1.04146147261955,-1.59582861683741,1.05625209278972,0.412450122517525,-0.855151115073498,"5"
"76",0.787874876246507,-0.694577587548423,1.01009091897839,-0.650991794180985,-1.23640145481562,"5"
"77",1.41511526786408,0.302398920149764,1.89820352749012,-0.27129603958237,-1.18849088749411,"5"
"78",0.694333273219899,-1.94671744101319,0.68016696396905,-1.09688708613157,-0.97492488697109,"5"
"79",1.3218996557748,-0.364166798223159,1.52451620551463,-1.31945771524151,-1.16622668931749,"5"
"80",1.09820405037707,0.442778242978826,1.73043455672774,0.35719142555003,-1.2572449974281,"5"
"81",0.111228879060271,-1.16186409191086,0.710059685675432,0.849140382800319,-1.49874491062153,"5"
"82",-0.4715361978419,0.261132056907362,0.615265252076119,-0.180807947546358,-2.18945506963489,"5"
"83",-0.110936202375383,-0.805674511632988,1.43011097592663,1.54965329385311,-1.26791345137297,"5"
"84",0.0471778235657253,-0.271654552466801,1.85859547875223,0.246099493288328,-1.43172061611255,"5"
"85",-0.487655609784991,-1.34236894734534,0.306163440702061,1.33780954369002,-2.0496128365285,"5"
"86",-1.46903871362487,1.08718394434771,2.46582587454626,-0.629840296270178,-1.71471273457668,"4"
"87",-3.37032919420473,0.103223358155672,2.0939381150924,0.630594535561273,-1.71600908282183,"4"
"88",-4.75127145550338,-0.182800237707371,1.00493793646762,1.93712303959618,0.172183902530069,"5"
"89",-1.83434675453071,0.661791130216971,1.52211865840162,0.821109784213737,0.17371244060801,"5"
"90",-2.73760655774106,-1.78982300680627,1.1653268992204,0.88931558968069,0.704648359726782,"5"
"91",-3.61695046684138,-0.656700557529194,0.454173911882175,-1.24586385835493,-0.375723880772785,"5"
"92",-3.45433849606251,-0.00592647969307841,0.209527824883059,-0.00899116810481365,-0.627639996648079,"4"
"93",-3.56424469326898,0.185951429664086,0.77320550994812,-1.11474531798992,-0.42640608793089,"4"
"94",-2.69143537093058,-1.00534008568993,0.316626740806421,-1.31624767227911,-0.336468670183884,"4"
"95",-2.49579359802393,-1.38622743526633,0.569484141461799,-0.152223643972704,-0.0155177362264055,"4"
"96",-2.86690651013636,0.0288011737877209,0.802874080799207,0.278145352151298,-0.458728735560333,"4"
"97",-3.08839758883305,-1.29479018051318,0.597429965163468,-0.812944486487023,-0.215601418249471,"4"
"98",-2.64221988240174,0.28922488575405,1.05130704342782,-0.62916456828942,-0.580137899379752,"4"
"99",-2.34022011951652,0.440079965588982,0.918886046158708,-0.882279667502956,-0.646704773700605,"4"
"100",-2.60537007741349,0.863726915007349,0.979901346356909,-1.31841950125573,-0.763297145381415,"3"
"101",-2.11547376617536,-0.355617463714912,0.458825212415143,0.630854077473028,-0.548219139696974,"3"
"102",-1.56109460469456,-0.19837354084976,1.16690618245933,-2.67675085241565,-0.359433189324419,"3"
"103",-1.45467840038353,-0.130542318286352,0.8319377188136,0.489088374351378,-0.588019090921021,"3"
"104",-1.75307388488344,-0.244146585537801,0.899990084611765,-0.881261701159215,-0.587089653816791,"3"
"105",-1.44546778032648,1.37783802579757,1.55424208007844,-2.15937881843154,-0.753604704832603,"3"
"106",-1.15463182369001,-1.39166747278106,0.808046581531876,0.573669326437137,-0.0528817054319909,"3"
"107",-1.46692616224633,0.603293939215654,0.90342664897223,-0.530365984875172,-0.855637997546977,"3"
"108",-0.38071881875303,1.30686282431315,2.67017030215643,-0.337575968692852,-0.20151493860562,"3"
"109",-0.185457397975468,-1.79834917844957,0.671093043658094,1.53783454710999,-0.11876647866024,"3"
"110",0.544583730011911,0.176758866063051,2.39163478166199,1.05123273303193,0.0836546333392295,"3"
"111",0.163491921121985,0.696240339842847,2.09641227647434,1.17164870699488,-0.359083167050186,"3"
"112",-0.28879110441923,-1.07565794484768,0.807380012439446,0.63018424105,-0.493010720669825,"3"
"113",0.61564095146554,-0.534217269135999,1.53943495343644,-1.21841583173236,-0.298569203744087,"3"
"114",0.873404081220287,-1.28748100159615,0.692667334382997,-1.45351050006556,-0.504360674272109,"3"
"115",1.16561215603735,-1.51615539997975,1.23155308871419,-1.99694560959074,-0.158630779787811,"3"
"116",0.892806390756516,-0.748919351651289,1.13347618322096,0.54458273915876,-0.399441473730767,"3"
"117",0.758839658722993,1.34377684691447,0.71194358983588,0.532643472053997,-1.70095696972443,"4"
"118",0.0621834143341678,-0.127012438655453,1.27601484368889,-0.186242680888492,-0.913035710207884,"4"
"119",0.62539277347444,-1.05761555478386,1.60507041795368,-0.223277450585281,-0.231011030868208,"4"
"120",0.305635972916347,-1.80482591388614,0.417618300187813,1.04389767085132,-0.584384319006434,"3"
"121",1.08358812095562,-1.2940319079697,0.751089366861709,0.716684121234194,-0.594639901911419,"4"
"122",0.950054946554076,-1.34264790411679,-0.151250506459529,-1.21780289288266,-1.19146147107823,"4"
"123",1.17825573966585,-1.19468979507571,2.07003552511571,-1.18221002366213,-0.120033656409616,"4"
"124",0.962987442383821,-2.17568125547594,0.207436123941922,0.465808590132616,-0.685145860587673,"4"
"125",1.50059315464501,-0.466012886832179,0.624591163980555,0.262489353507831,-1.07637529092052,"4"
"126",0.737513029370904,-1.63213103792211,0.730909098664631,1.28227273635131,-0.703792479191451,"4"
"127",1.07858331536709,-0.820083996936843,2.03131889068857,-0.0889478688947892,-0.198014471502637,"4"
"128",1.33213890089229,-1.73740830412213,0.198642664793446,-2.51365022857931,-1.09794253693043,"4"
"129",0.953435785432581,-2.95987984574108,1.41395498569158,-0.652890322012605,0.241353719413294,"4"
"130",1.3070049171146,0.953855250711643,1.26754933809289,-0.639507269078068,-1.6151388556659,"4"
"131",0.975148378382874,-0.241218448486924,2.01531928334943,-0.300552575220958,-0.644169529969548,"4"
"132",1.09081070889551,-1.96312235637134,-0.296983176332739,0.293722472954691,-1.45806308158191,"4"
"133",0.588272316243575,0.623604517560926,3.13156522175467,1.47411537722016,-0.484267889882681,"4"
"134",-0.468474224329636,0.860400705837817,2.12208266636368,0.420970850783805,-1.31020334022015,"4"
"135",0.346121906991043,-0.192817237078714,1.69406230255041,0.982917513821059,-1.13143811020005,"4"
"136",-0.0865205506263117,-0.346513162423044,1.27477925041191,1.4453465265521,-1.3319089221736,"4"
"137",-0.277769495314572,-1.09150998133086,0.171213605270182,0.154007634412238,-1.8860420860055,"4"
"138",-0.746981056691197,-0.668730122905347,0.65003694848954,1.40719067245088,-1.58585033938468,"4"
"139",-2.04260266771832,1.66986712862194,2.1681851319025,-0.500965162362708,-2.17187439850821,"3"
"140",2.19618379023792,-0.733227672165397,3.11986226135611,-1.35174956226043,-0.214005391458103,"3"
"141",-2.36666580080045,2.25997379964439,2.18988187080895,0.0877991100134851,-0.052641893007752,"4"
"142",-2.92910713057596,1.45600964630852,1.11671943640898,0.342899511145582,-0.379422295899209,"3"
"143",-3.20910374701431,-1.08853393666762,-0.347329366563722,-0.0822578344121864,-0.277025543898744,"4"
"144",-3.42760021498615,0.922143745768861,0.941334204906272,0.166015071911527,-0.38221737459108,"4"
"145",-2.30911849403377,1.62041872793929,1.43214709709519,-0.677592563365679,-0.295986223646302,"4"
"146",-4.17169780088169,-1.26942816267583,0.185171878849092,-0.756736313286405,0.0576264255982862,"3"
"147",-2.93916481164889,-1.61568639502014,-0.407708975310319,-0.62030994389906,-0.350889421373746,"2"
"148",-4.10709655278991,-1.80578720648756,-0.962836235008979,0.178627709022595,-0.49652191898801,"2"
"149",-3.83773523503544,-0.336485250891687,1.12398370093213,-1.10567920832599,0.0111857415941995,"3"
"150",-5.19934481373966,-1.28922762044957,-0.142926576178285,-0.378363683383742,-0.595309385928218,"2"
"151",-2.52302668793428,0.952468069601369,-0.752623120909204,-1.71911434292922,-1.56552405728919,"2"
"152",-2.5777064834446,-0.177654978667126,0.00587577405029823,0.252867219098153,-0.772901969590692,"1"
"153",-2.87675013024534,0.374524856250824,1.30083327469489,-0.791143806822076,-0.366985921533678,"1"
"154",-2.38622330595818,-0.424607086126906,-0.265094107488461,-0.479327946012015,-0.826656206789162,"1"
"155",-1.82812507839401,2.18369364207243,1.65724410264483,-0.541417911006727,-0.818614446839311,"1"
"156",-2.68980665468069,0.5745868683259,1.17421340649246,-0.325206350459626,-0.494402473859611,"1"
"157",-0.850220850308199,0.270642932659721,1.48986469686219,0.29283559846873,-0.112237178959715,"2"
"158",-0.945370162059122,0.550335650535379,1.31538027298338,1.63562830835204,-0.31189593834311,"2"
"159",-1.56539885326656,1.05730083049526,1.61542288237131,0.0227720320725427,-0.505921200371444,"2"
"160",-1.08020247450845,-1.09858046025296,0.444897429146437,-0.786463536753439,-0.25206917948325,"2"
"161",0.896795541640716,1.50620580215355,2.4669465152391,-0.313313145335998,-0.146512458437887,"3"
"162",0.244177358392839,-0.00589672405587774,0.0766637680884675,1.13568890701629,-0.867245526627854,"3"
"163",1.48988385505568,-1.57310488648399,1.0840885455647,-2.27249274025381,0.163441212873417,"2"
"164",0.0345841117123243,-1.14519455454295,-0.105537419004998,1.30127782281899,-0.555038816925839,"3"
"165",0.721701224175637,-0.147141266617449,1.12431638279016,0.80846666034146,-0.318714802681441,"2"
"166",0.599705369886309,-1.89558923867193,-0.0568186642283785,-0.493365628543099,-0.450581454628914,"3"
"167",0.513541059130096,-0.197242335762685,0.875218172327343,-0.0135259595537733,-0.541622975166004,"3"
"168",0.859422479216613,-0.657411631703883,0.0959140870143043,1.39008381138291,-0.710539561193623,"2"
"169",0.875746172310414,-1.4195412043022,0.775298146745803,-0.378030613602612,-0.226878691661199,"2"
"170",0.891353565866489,0.229695069431023,1.74166054641031,0.876385359960453,-0.341489045890823,"3"
"171",0.847266312992355,-2.74778814044891,-0.885164741439189,-1.57404448591758,-0.803265081450473,"2"
"172",1.46651919267131,-1.42951299779373,0.367443140788505,-0.00277072375153503,-0.470890567955694,"3"
"173",1.06755362267646,-0.737831605583784,0.24223837304641,-0.261208330330476,-0.788484506109862,"3"
"174",0.984827191988078,-2.22202508898853,0.498529478281772,0.103211166909276,-0.303538201856781,"2"
"175",1.34885031269505,-0.845046813762851,1.17665643207087,0.173408531809831,-0.380123739609777,"3"
"176",1.73608138899392,1.07830472236387,2.73928025105514,-0.15971863186411,-0.127359958507182,"3"
"177",1.1329054368407,-1.25598109711116,0.348197856665698,0.331904843354846,-0.718368898975938,"3"
"178",1.63520602237841,0.342386541892745,0.900940548199111,-0.900614439532939,-1.11749087044333,"3"
"179",1.82332107595178,1.0693766127743,1.93093640573557,-0.285248581943536,-0.837085176191854,"3"
"180",0.924413295501698,-0.842327018078988,0.628859921595255,0.16619853752103,-0.942748067826963,"3"
"181",1.50865501471057,-1.10987031239225,0.417829167425683,0.431308716232026,-0.829933511466394,"3"
"182",1.42654929580488,-0.981348418175327,1.49470167635523,-1.07599333995247,-0.664639076334361,"4"
"183",1.01943293408966,-1.25580728000712,0.614288295644227,0.601657004549844,-0.794801961653269,"4"
"184",1.15507086581504,-1.29890992415906,0.859625907624669,-1.07538939777095,-0.825547874366104,"4"
"185",0.592493384447456,1.49070902957605,0.515595245658014,-0.761787795830444,-2.39633524277887,"4"
"186",0.350461899686016,-0.113834138026843,1.38373851221989,0.982432279963037,-0.846591022939943,"3"
"187",-0.28603119842583,-2.37874918016324,-0.305458257557439,1.69492601244091,-1.19388711414555,"3"
"188",-0.432915309439245,-0.52061890859105,2.22108837931072,-0.768253039356534,-0.378797091147308,"4"
"189",-0.75036120540578,-0.901474539753505,2.72140726891455,0.389775096297541,-0.421868285956116,"3"
"190",-0.305808425348723,2.85734955439878,-0.164463863382321,-0.284097730974664,-3.39892777889564,"4"
"191",-0.242576161698221,1.89546710655411,1.57177804750935,0.657490643694941,-1.83892559652274,"3"
"192",-0.772509678312706,-0.30553178746685,2.60954579505524,-2.18556486473079,-0.64485646531639,"3"
"193",-1.90042265628831,2.06198994746853,0.180762210255407,0.572571534170774,-0.814161052274569,"3"
"194",-2.98364845849757,-1.20554848000271,-0.529082553675467,0.528708197615347,0.0171243894540677,"3"
"195",-2.53398187627996,0.218255170249004,1.1691971442266,0.426108229465489,0.307521763641775,"4"
"196",-2.80402460681061,0.902165002692037,-0.582071799183258,0.0158250470574208,-0.822307204980008,"4"
"197",-3.3266089569575,-2.18368328802799,0.370797086733436,-0.562204646967329,0.68666261635245,"4"
"198",-2.99821882834951,1.47801930363183,2.23045420384627,-0.67241764935626,0.203453794048743,"3"
"199",-3.73822808140538,-3.42716838054152,0.089468607154211,0.423270110402899,1.04074216948468,"3"
"200",-2.99788640516655,0.928285290225735,1.61042144287984,-0.538930568173977,0.0702869789523583,"4"
"201",-2.9944174408696,-0.271876258153774,0.951935423668216,0.272762154767451,0.199800476668804,"4"
"202",-2.74015631286639,0.923179928188877,1.81893336930809,-0.0334381165440296,0.0882029728147787,"3"
"203",-2.85639963049266,0.50609993181456,0.192663286505001,0.394395778700168,-0.367851791856077,"3"
"204",-2.64314477437477,0.284463506220271,0.355787114802086,-2.27873055174877,-0.589200455209246,"3"
"205",-2.03325488801913,0.046639826318235,1.24506597063228,-1.90245521837636,-0.0725864302875373,"3"
"206",-2.11413961712758,0.523836714227186,0.86509429705572,-1.40193580334876,-0.352467423152872,"2"
"207",-2.57554609697177,-0.568581847623945,0.942622646550983,0.426100285610419,0.064644379021956,"3"
"208",-2.49391948212469,0.26372300148662,0.659102718329509,0.746205231122656,-0.356038861192156,"2"
"209",-1.26252836677167,1.3156572706774,1.44933383883351,-0.542997488468182,-0.24121356869799,"2"
"210",-0.518041503221569,0.130753594735516,0.669451509616082,-0.454075094914063,-0.308718640722617,"3"
"211",-0.976229856464385,0.364905614978321,1.42527727658976,-1.3694676479618,-0.181547943641742,"2"
"212",-0.601893460039695,0.260539358052652,0.353753313551647,0.591222356077251,-0.578376790203885,"3"
"213",0.63955777010022,-1.4724150892886,-0.295490290376776,-0.740435063139525,-0.172389629375618,"3"
"214",0.015850718949196,-1.19042081233176,0.166886314695187,-1.64918993073134,-0.255718568451596,"4"
"215",0.748938057844918,1.51205627258136,2.50140124536223,0.338873026399966,0.14278101096478,"3"
"216",0.406730179332886,-1.20805384804239,0.355321117920761,-0.957965539358427,-0.471034506408262,"3"
"217",0.883587148227314,0.822561603349111,0.462585162230761,-0.125261473088901,-0.807676195651002,"4"
"218",0.90895425332943,-0.465119833541886,1.08465350604793,-0.854308440902102,-0.00570340470742726,"4"
"219",0.0914630782068136,-1.15196750011108,1.18958273569724,0.0969537251832654,0.149374680292551,"4"
"220",0.27728951248031,-1.50465655668104,0.985185508059086,0.381391117048444,0.168205637027332,"4"
"221",0.592719742512083,-0.838096297614243,-0.0524882019196279,-0.40815289065065,-0.69360690284846,"4"
"222",0.281586718163264,-2.46815379292756,0.618479190102709,-1.81355995134633,0.0755037539711125,"5"
"223",0.511443241703452,-0.383323080077611,1.39216918224457,0.650194822160922,0.0113670784864928,"5"
"224",0.744757650633412,2.12879266575223,1.93296437412384,-1.8672196353676,-0.822022185301606,"4"
"225",1.13803037681269,-0.405035773059633,-0.519103978205641,0.10796976255989,-1.02861389341418,"5"
"226",1.39691372167936,-1.60389402361355,0.328404243575515,-1.23169852947477,-0.232688875584019,"5"
"227",1.76218159104115,-1.31687280459266,-0.312868250026085,-0.404951305914039,-0.804826501715085,"5"
"228",1.0070792525278,-1.91904942181547,-1.48557771574754,0.367661265166745,-1.16460660795238,"5"
"229",1.34653319887301,-1.20437561962816,1.95558432812952,0.438727960977778,0.234259322882127,"5"
"230",1.47102690430487,-0.517083368097946,2.80467804050481,-0.0495399196161425,0.453403755478203,"5"
"231",0.970215823777041,-0.379272957866706,2.64454943251615,0.0706818948048726,0.219498562342516,"5"
"232",1.6319340891115,-0.632146254293024,2.67639099964238,-1.30941146393899,0.303602064107933,"5"
"233",1.36728810892427,-0.420626350389511,2.65328249858811,0.081545954341798,0.307997645827372,"5"
"234",1.68880832918776,-0.888892122203044,2.38830222411629,-1.52783903421202,0.194048526981136,"5"
"235",0.343249701732185,-0.373244676512741,2.97260924823957,0.585871541637698,0.0160332863025615,"5"
"236",1.14738792122198,-0.889162733443883,2.41766392057485,-1.94566507827079,-0.0856693596294816,"5"
"237",0.645899231104821,-0.161313141120045,2.95177632680022,0.665706235740124,0.0644914290215932,"5"
"238",1.22844020196564,-0.425056276407376,3.04727512668558,0.418078191889377,0.202214706150172,"5"
"239",1.28411543467659,-0.542054427264107,2.97510571747943,0.50561912958439,0.13329814031258,"5"
"240",-0.219320001877531,0.2474401002573,3.34319605197764,0.45208657158331,-0.0794213940979859,"5"
"241",-0.768548989644546,0.0583210567015658,3.48092287206596,1.19749264605159,-0.212877692414835,"5"
"242",-0.481586377508215,-0.299155905864591,2.90901195763545,-0.674921651964687,-0.359950867975364,"5"
"243",-0.377032842461169,-0.0596357467709228,2.96600379503878,-0.249851974508909,-0.38072269117348,"5"
"244",0.134083397453522,-1.63309414675422,0.246020037195882,0.0777567630814792,-0.737574504294777,"5"
"245",-3.74215445720511,-2.51065699486133,-0.480020774665316,1.59761985871477,0.901331472538513,"5"
"246",-2.29696301388992,-0.448337303331056,0.455407369816029,-0.247771933490271,0.481810578920269,"4"
"247",-3.68756121590088,1.31571974812345,-1.4785426444105,1.31368808563442,-1.42579870523735,"4"
"248",-2.66905889071459,0.308449102057313,0.530867985646421,-0.274002572787066,0.173081077354047,"4"
"249",-2.66293945560444,-0.957391145467949,-0.000992104098582275,0.88208749147677,0.350587874331037,"4"
"250",-3.0249634559182,0.235846730411156,-0.463771817929655,-2.11373562494298,-0.551426908753909,"3"
"251",-2.19831412676969,0.547244902117163,-1.13416598194209,-0.967746890176871,-0.812244495054165,"2"
"252",-2.73331995568536,1.23398601603542,1.41738988836449,0.472533927613264,0.130409704121208,"2"
"253",-2.77382529418586,1.32954930668767,1.44807583427692,1.02039536983133,0.0975418168928848,"3"
"254",-3.12475557067394,-0.233929028407363,0.358355523318089,0.583556194296747,0.00810042302055087,"2"
"255",-3.4777998738162,0.551890875433537,0.878833635738423,0.366986273453291,-0.0980370549255112,"1"
"256",-4.59263850758828,-1.04901788967347,-0.520718953984063,-0.61524004384152,-0.437133007219257,"2"
"257",-5.04833202776085,-2.64676911492227,-0.670499513748752,0.0391307041990883,0.192729233593731,"2"
"258",-3.48861937562562,-2.56655263882974,-0.642824095220213,-1.66697908404557,0.093699631207688,"2"
"259",-1.53031928909914,0.0152671947688236,-0.12911924007081,-2.26888740279033,-0.55221253488239,"1"
"260",-2.14612255429283,-1.18002725887078,-0.621775086960876,1.92892382340044,-0.193895087902023,"1"
"261",-3.16325442368386,-1.0882744051262,-0.166534629625959,-1.23009684262401,-0.287106655082844,"1"
"262",-0.848558076081384,-1.18191393604102,0.151299695755795,-1.22408458220426,0.117503199398254,"1"
"263",-0.105979404164401,-0.882608506799063,0.383177095921084,0.431723815914971,0.299872659057671,"1"
"264",0.119393543738856,0.204210628410966,0.598890829259282,1.32866286670012,-0.0597166553951957,"1"
"265",0.368733746002213,-1.27105260996866,-0.466498903900875,1.66741304638419,-0.166802964341884,"1"
"266",0.630820092479534,-0.6516281629927,2.18024539320024,-1.09485564313158,0.867056915624617,"2"
"267",-0.635490400641261,-1.2563544779875,-0.662418964239103,1.29247775678505,-0.41213796950278,"1"
"268",0.856401124871303,-0.297704174295116,0.467223321264156,0.614791491603567,-0.0895195759698707,"1"
"269",0.975756773836947,-2.44653587479592,0.491841045663134,-0.42618938668984,0.673720819246931,"2"
"270",1.53273056982331,-3.24657907268735,-0.350460641567204,-0.0237548374237541,0.595007988486633,"2"
"271",1.56763773468623,-3.83720368853624,0.381902262917733,-0.220257855520251,1.27205620729614,"1"
"272",1.09198141381986,-2.13373222084164,-0.214986299040024,0.360881736926499,0.0357642352188099,"2"
"273",2.17364563984527,-0.740890011264091,0.678490548547599,-0.0208180538783881,0.131812159738965,"2"
"274",1.80664138822135,-0.450349454916249,2.09090694288704,0.122091606833732,0.589587967667157,"3"
"275",1.71883639111887,-0.625476849951926,0.205616292583637,0.260618690294845,-0.37654339089386,"2"
"276",1.75940736235859,-0.372762689318315,-0.0830330803939419,0.227448336356157,-0.581595682395383,"3"
"277",2.28408626787056,-1.03498188301547,-0.0475584509753188,-0.897929814267501,-0.294069649192162,"3"
"278",1.5771312382242,-0.0199020971643791,1.31586035357528,0.764389522824121,-0.0461161920648104,"2"
"279",1.74724802074109,-0.536233014013017,-0.14407664447651,-0.339233398141114,-0.793167843099567,"3"
"280",2.62617315722597,-1.49025917597392,0.56104796961143,-0.36949993498299,0.172648592689595,"4"
"281",1.9501761043385,0.269290080636913,0.935446259293936,0.901079838641987,-0.434598788447966,"4"
"282",1.87818127252079,-1.09154738000011,0.182991512494248,1.11199963678868,-0.334965641870851,"3"
"283",1.80527311618936,0.409525006995562,1.77195272608614,-0.736681408611169,-0.279382508149546,"4"
"284",0.963073469098678,-1.53182056615043,2.28098092651104,0.587172509994394,0.815209680008406,"3"
"285",1.18073643097602,0.22372938190812,1.07494929098824,-0.0177115597230154,-0.781013292903248,"3"
"286",1.41305354662275,0.771409451266736,1.6231920085959,0.263265752767529,-0.606326402550309,"4"
"287",1.10205676875841,-0.480209803159361,1.38690429467877,0.868476089984741,-0.249984797555951,"4"
"288",1.06523797215567,-2.96853448146655,-1.07265897536116,0.407739174982676,-0.547846013911246,"4"
"289",0.452824173416679,-0.444027143919444,-0.623884755465699,1.4546423380586,-1.48212843460946,"3"
"290",0.774051311313784,-0.7483825814266,-0.337899559340344,-1.06292798007462,-1.34793368505037,"4"
"291",0.300879585693134,-1.58465032838181,-1.02011122516943,-0.130072033910772,-1.52112810117189,"3"
"292",0.857478393039077,-1.11902181958701,-0.0725788302228292,0.259130155844697,-1.05332775426547,"4"
"293",-0.00264684224086194,-2.0166972582733,-0.594554610266068,0.692860268246496,-1.12033601642068,"3"
"294",-0.093753924574434,0.763363583696892,0.374120913093114,0.624778572030738,-1.77496133365397,"2"
"295",-0.761048748788955,0.529081466695007,1.12173083556396,1.4240490576682,-1.18930598317655,"2"
"296",-2.27900724979721,2.08486919633369,1.06057133747983,0.761743821519711,0.07228817483756,"3"
"297",-1.53536780666032,-0.622775628981525,0.311639725372708,0.372123598215595,0.827517132127463,"2"
"298",-2.24526239552838,0.715287602632569,0.11240817169449,0.98271252354429,-0.0300598371567918,"3"
"299",-2.66544182267071,-0.700077298835615,-0.253114838417202,1.4424076778336,0.311758557621111,"2"
"300",-4.34690633686175,-0.112231411126313,-0.0340282486446124,1.4015491977147,-0.0452824796618427,"3"
"301",-3.19911500990316,0.892137355407505,-0.0704503693556804,0.0551715038783712,-0.334971958235496,"3"
"302",-2.87564646568148,-0.548305809546137,-0.327972874859101,0.965583084177454,0.0910731166109377,"2"
"303",-2.14179480991071,0.701939263188962,0.668676930412506,0.322634265478656,0.243559718077292,"2"
"304",-2.87817715034167,-1.11078242907954,-1.15989735202124,-0.0702932286282907,-0.333703316651917,"3"
"305",-3.51205217658255,-0.277677442274467,-0.0140291268592755,-0.654026299910232,-0.0330108751088819,"2"
"306",-2.01873214193783,0.592300532150719,-0.126600000716677,0.0613663083298337,-0.341530507386575,"2"
"307",-2.51628577849839,-0.326271386947952,-0.155638374409448,0.328232135854463,-0.0500351537726235,"1"
"308",-2.04925762936991,1.04229650700375,-0.330026281631411,-1.98328536782149,-0.70733193591656,"1"
"309",-2.3637290692588,1.88867893626786,1.31055172924756,0.112973299805047,-0.12462736290425,"1"
"310",-1.29435291701097,0.0818019944313277,0.637385923701288,1.38755547408544,0.221533520705661,"2"
"311",-2.16136669811539,-0.929414863067655,-0.573819266456663,0.0656076549816256,-0.180667153257551,"2"
"312",-1.71097141810659,-0.38925160010914,0.152470750648439,-0.323062148946402,-0.0070017176017254,"1"
"313",-2.26593448401891,-2.18095691369599,0.732232021026267,0.895836847214247,1.02365522455191,"1"
"314",-2.18997313969607,2.58151765104631,0.76142981752796,-0.316476002079337,-0.996794269566362,"1"
"315",-1.70971568844788,0.477146330871591,0.840983864412031,1.05915041502041,-0.0630488724488973,"1"
"316",-0.788442350867997,-0.68094144218983,-1.14349035118245,-1.44001633137419,-0.894898546315157,"1"
"317",0.517743605998377,0.131928518334429,1.07502590774171,-0.812309298685566,0.258425001636457,"1"
"318",0.112562535918205,-0.241499842549126,-0.0737103265738547,-1.37481783282925,-0.439852414823753,"1"
"319",-0.201706109365845,0.47985454563919,1.24004609083937,0.60025300726031,0.0769174099055822,"1"
"320",-0.270648215255369,0.495850376347004,0.811583388494798,1.35642864340314,-0.134936645057313,"1"
"321",0.529805284933258,-1.03099404656648,0.495907180353355,0.0523996000745217,0.337099323592046,"1"
"322",0.220121143827731,-0.928144721139654,-0.450217490914759,-0.579409946285339,-0.359606846871289,"1"
"323",1.13648823216833,-0.0749048040080375,0.350710675435169,0.581180874203533,-0.159231192235839,"1"
"324",0.275235487800889,-0.271497218951365,0.711245210012587,0.979881415161929,0.0106087227466621,"2"
"325",1.01117419527032,0.552216063028336,-0.302895760268741,-0.589758729777745,-0.878406096451612,"2"
"326",0.559449101832081,-0.837779007371879,0.150635951292794,1.44835935061601,-0.127824381615819,"2"
"327",0.44258713631308,0.390844263630872,0.962054289349376,0.50107538914282,-0.332478523164083,"2"
"328",0.951975136852364,-0.356994355748834,-0.268792128257777,-0.137922623427372,-0.64814140934581,"2"
"329",0.13285473462988,-1.8257011374026,-1.00492948516175,2.13188280350634,-0.539647598343743,"3"
"330",1.07067655960944,-2.07868503120778,-2.35718342747301,0.895223228353136,-1.13993718485016,"3"
"331",2.52931535688308,-0.155842147845828,-0.126744022266184,0.213848490645281,-0.49135316710869,"3"
"332",1.13346511153571,-0.51144084032025,0.657808918295101,0.886999974248582,-0.19691614351288,"2"
"333",1.36951022093904,0.803273394339614,1.35750587969361,2.23740237823885,-0.214732802027845,"3"
"334",2.14226778794718,-0.303793382910343,-0.507480518968511,-0.713868845668741,-0.983756252977962,"3"
"335",1.82310255907036,0.03534483749485,-0.291946881775958,0.0525277826128779,-1.06808982830393,"3"
"336",1.62215003513104,-0.145558228308786,-1.16844878490466,0.228367885527618,-1.41119638101908,"3"
"337",1.0260679483342,-1.33251225510895,-0.813597866842216,-0.120270942570742,-0.93070623646569,"3"
"338",2.13194848988703,1.26946249808266,-0.790383118246035,-0.845448508536455,-1.92570116561938,"4"
"339",1.19280171302922,0.429314263431222,0.0865110950063167,0.460923964894872,-1.08501368093031,"4"
"340",1.14333676743253,1.46161586282706,0.519827374331763,0.559107978042058,-1.42176895146442,"3"
"341",-0.412733172712896,1.77159973144061,1.83623558490186,0.416283763505775,-1.20485643559535,"3"
"342",0.229819260340372,1.85684107337824,2.61574197870856,1.11201284421065,-0.497544265402386,"3"
"343",-0.190217456848308,-0.126005924327006,1.15303286632273,1.09953828730537,-0.679082242882766,"3"
"344",-1.92282400085803,0.411375597393707,-1.64349399310178,1.39540651417081,-2.60184779498683,"3"
"345",-1.94101583785543,0.0884602808365843,0.301116445554061,-0.621544821179399,-1.36252274811896,"3"
"346",-2.59732720551113,-0.501969994621272,1.15761228700027,1.29454857004233,-0.91026579433615,"3"
"347",-3.26104221003415,1.05356346093338,0.408434137684111,-0.12663898526872,-1.94200071005452,"3"
"348",-0.69665647864848,-1.09824284501148,-0.534119883233552,-2.19361075031987,0.783348859424558,"3"
"349",-3.21140543908764,-0.859265367223544,0.193810210853348,1.12609155491292,0.870492058315901,"3"
"350",-3.19363078743166,0.813442767560982,-2.00133265334805,-1.2724017571558,-1.30082931864978,"4"
"351",-2.65823749103675,0.215944207238604,-0.465159998333806,-1.22517364754947,0.0319222483296218,"3"
"352",-3.12577948705992,1.98521025890761,1.32058175433852,1.19454048159512,0.264879467107016,"3"
"353",-2.9734716766889,1.68942065479536,0.811853442715614,1.05377339135601,0.156458022763135,"3"
"354",-3.08353411938822,0.39558039462392,0.284044843271275,0.895245128314713,0.109437014860366,"2"
"355",-2.65721021452555,0.807607758508001,0.138500718923514,0.596251688356609,-0.0699251662182138,"3"
"356",-3.2848474859742,0.911551926484978,0.435712665047829,0.903681817670096,0.0796307524323486,"3"
"357",-3.51025729002191,0.22923001732433,-1.91337723808425,0.949009865982089,-0.805512162228795,"3"
"358",-3.16262536629908,0.454982329123264,0.433045578809707,0.274540833248717,0.154753729644438,"2"
"359",-3.37757759185301,-1.36563143831895,-0.945393817304502,0.962751157288455,0.0178079975989147,"2"
"360",-2.78463234876384,-0.800630981160785,-0.716080524166292,-1.11511058113359,-0.0419739856181384,"2"
"361",-3.01079567402695,-0.550284043003007,-0.221467474579316,-0.715579828263246,0.0435202775003074,"2"
"362",-3.95096033953255,-0.20596165928467,-0.954929946341708,-1.2321759543695,-0.550672976041192,"2"
"363",-3.74759322690715,-0.147390266882304,-1.31551040440482,-1.05870311900361,-0.874032617168057,"3"
"364",-1.15722476111974,-0.428504853075822,-1.4880364151942,-2.13452969917271,-0.654724988509379,"2"
"365",-0.656148956715862,0.0771756494668889,-1.31168399270626,-1.89947038602624,-0.762498849919011,"1"
"366",-0.299939932014639,0.91741803399535,-0.546128962842532,-2.26583527780596,-0.849024001220344,"1"
"367",-0.389283114582264,0.578051141505346,0.934344702267717,-0.507192079565361,0.295640077122201,"2"
"368",-0.10297336602131,0.399992805722346,0.892657132496243,-0.447949439209024,0.279525166601096,"1"
"369",0.253894737278835,0.218971263469756,-0.193898770618776,0.507291608813487,-0.189109073292297,"1"
"370",0.081046422608977,0.00598089189653034,0.196175765368572,0.646763598954491,-0.1018909415565,"2"
"371",0.838692048946183,-0.815716601090935,-0.201519715075371,-2.44659765370156,0.00829263956124532,"1"
"372",1.17027984378049,-0.494530290382486,-1.08626051922919,-2.22702433206763,-0.617169598680136,"2"
"373",1.33348488646706,0.292466923150972,0.719949489134242,-0.359850567600696,0.15329561939527,"2"
"374",1.2028340207359,-1.04161962551661,-0.507508932977707,-1.15242053286905,-0.0603050919771553,"1"
"375",1.85646469752752,0.201890274431005,0.779018119148386,-1.09738361185083,0.180657929888769,"2"
"376",1.63369091323167,0.888474602454088,-0.289662739817861,0.46569829287886,-0.691127314804123,"1"
"377",1.78525600739853,-0.201590649100249,0.837933999731723,0.529060766323809,-0.0604221434877163,"1"
"378",1.11522626035307,-1.44477599110508,-0.6406571854056,0.125456639447103,0.0280918726951798,"2"
"379",1.50389310029165,-0.0442816171572549,0.831497372539981,-1.33080889525925,0.115992382648041,"2"
"380",1.55409900076187,0.608974550137325,0.355700103903936,0.690968724192621,-0.401199733571242,"2"
"381",1.38554207166916,-0.384264343143073,0.775212605763876,0.786395015684265,0.175356212268334,"3"
"382",2.04089394890464,-0.716503448435638,-0.236871865680295,0.766824997533773,-0.220392770870769,"3"
"383",1.55369890095257,-1.04099505567425,0.0355537225838417,0.0399737585283024,-0.101876860605907,"4"
"384",2.4066545179196,-0.639279175364962,-0.359927242066316,-0.188042589478946,-0.457696391096788,"4"
"385",2.91871304126944,-0.0153955590953723,-0.953761180911744,-0.205475796465916,-0.932239063445352,"3"
"386",1.84090573780764,-0.298865843258948,0.876929155592381,-0.0584972080716476,0.120296533985941,"4"
"387",2.22019869196725,-0.782811804475261,0.446815176541203,0.345309405056917,-0.00870934184492039,"4"
"388",2.77204499502496,0.997411245897396,1.4204187521323,-0.0294906686938174,-0.153643991259582,"4"
"389",1.27415948525201,-0.576308453048374,-0.816675748402314,-0.554923164183256,-1.05738065853754,"4"
"390",0.393697469812577,-3.32119766150084,-1.54597962972622,0.368617719362914,-0.387570460700307,"4"
"391",1.07141227898479,-2.76110352128882,-1.21341797445061,-1.9033792581614,-0.55561364140759,"5"
"392",1.45220796909959,-1.50214001506615,0.700025377198157,0.421530094276834,-0.0282565049751111,"4"
"393",1.5121666444291,0.203328289921974,1.26882261808658,0.24883398810793,-0.1770407757886,"4"
"394",1.26669920813331,0.599849127868938,-0.755701913478352,-0.513995949948884,-1.53933136030831,"4"
"395",1.3507071562624,-1.65369882083399,0.860844713699375,1.42659188386528,0.238941990972562,"4"
"396",0.752602302395577,-2.49532614804256,-2.49724665277672,1.8869301679462,-1.41897824117721,"4"
"397",1.21335130830692,-0.921446221848393,-1.90177998590501,-1.96783060915042,-1.79173827440518,"4"
"398",0.539510269760945,-1.22697719328805,-1.66956018263395,-0.951794848311063,-1.60849372948187,"4"
"399",0.730262530284515,-0.955428357262607,-0.562378530635962,0.536512878003313,-1.1179169384756,"4"
"400",-4.08024265926896,2.32062825326377,1.20510276126436,1.51953932940777,0.642607568455639,"4"
"401",-0.838758733239106,0.457331140298838,-0.410884353165914,0.606347675150377,0.538580839262894,"4"
"402",-1.6130117053671,0.995758666560236,-0.829307431189948,2.2107588564866,-0.00722228326792812,"4"
"403",-1.65961019832473,-0.962284974854844,-1.03889366870479,-0.531677398341349,0.61821284160775,"4"
"404",-1.53514520879281,0.403969485193368,0.18684821703294,-1.83721618437751,0.591308375331979,"4"
"405",-1.33470983862688,2.06245834735758,-0.410678799426308,-2.69421589929816,-0.427562794337434,"4"
"406",-0.0701597403176704,-0.0444027609982175,-0.0402784904697085,1.05370661404705,0.978246747901764,"4"
"407",-2.9665397340171,-0.700859314697187,-1.308778780099,0.154504421249842,0.0977053575720483,"4"
"408",-1.08844847124875,-0.799520618639967,-0.478628325630234,-0.518721582458276,0.652402112396172,"4"
"409",-2.42590579564705,0.32832751259127,-0.0467405041342648,-0.450676979585036,0.315329565648893,"4"
"410",-1.44024080404853,0.425078225777089,0.380831092935794,-0.107573672228042,0.566233909611621,"4"
"411",-2.07416214692568,-0.190131133483293,-0.713137193174447,0.830830796763383,0.149272550957944,"3"
"412",-1.39351042540469,0.048188246240797,-0.12659338098753,0.1648913311582,0.36342011266667,"4"
"413",-1.12706023366449,0.978510544593798,0.354783229819271,-0.0979513303560518,0.233294829069121,"3"
"414",-1.60892571507752,1.5189151612709,1.07413119595795,-0.533543914994538,0.286445758447861,"4"
"415",-1.0126743224889,1.13360063790039,0.68215903048244,-0.702201035885145,0.116248836913899,"3"
"416",-1.935625153638,0.894861596079001,0.779029267884695,1.41259088216936,0.292524575778416,"3"
"417",0.472048352571305,-0.746234727107378,-0.869695224947657,0.0882052869549633,0.206056048036784,"4"
"418",-0.202213344650503,0.180233307750466,0.555402859875629,-0.88007963865081,0.45769311116817,"4"
"419",0.2167748097616,0.805202446429645,0.632392067413244,-1.17147965390237,0.447587972948163,"4"
"420",1.71438230458075,0.479600566370636,-0.304158606688402,0.658617719047973,0.0790084422001719,"4"
"421",1.45126469134202,0.231203764066759,-0.135305068816079,-0.457899959865109,0.0710604936798382,"4"
"422",0.896798581423841,0.945381853156769,0.127828945258693,-0.600245849134998,-0.287709780251504,"4"
"423",2.19621161594401,-2.05346403846837,-1.21977321584159,0.694093813182793,0.41581247775488,"4"
"424",1.98978447140653,-0.510612631657846,-0.57554314347848,-0.0281188519885907,0.20291484320385,"4"
"425",1.60148759127139,0.576910195296384,0.0470031071196568,-0.17252186995768,-0.069535114765067,"5"
"426",1.74809456958473,-0.644718498823492,-0.363328401085389,-2.76122422940604,-0.0393943619309822,"5"
"427",1.99519216448104,0.0767443445999052,-0.653265085903481,-0.543158674062701,-0.35935922538975,"5"
"428",2.0835770401446,1.64495409086608,1.54416794169311,0.147216238110064,0.396164618235363,"5"
"429",1.50161430294632,-0.100273790866026,0.323690508049629,1.10242052043974,0.23198969900255,"5"
"430",1.32642909991393,-2.17442250945718,-1.1112645541744,0.559305818616567,0.125472616070575,"5"
"431",2.36438673823724,-0.12331208579441,-0.324122533764365,-1.16219691090661,-0.183464924484475,"5"
"432",2.31891129027704,-0.70497592551205,-0.410810245266047,-1.36626953077194,-0.145697745755245,"5"
"433",2.38502222250085,-0.577841549989607,-0.0752010448097499,-0.115695387977902,0.109362360910055,"5"
"434",2.76882349031804,-0.0239756852052054,0.118098984994974,1.37125776875689,0.0503477085335801,"5"
"435",2.65045507013029,0.145379299428675,0.16233401453439,-0.0874784028175851,-0.0578115745318993,"5"
"436",2.1531888356542,0.381428233255151,0.785048432341087,0.727964585615627,0.0511389256048078,"5"
"437",2.66869544262364,0.0979075122384542,0.394733721813127,0.249808746329273,0.0301076352210379,"4"
"438",2.16150517539981,-0.642356323107287,-0.67390945853189,1.79666372341617,-0.368243150408998,"5"
"439",2.38867913814829,0.275127416202848,-0.233808206406359,-0.00695026178760594,-0.532697884177274,"5"
"440",2.65511672953119,0.332402759457889,-0.0948462400494681,-0.0363208069574597,-0.424135776380309,"5"
"441",2.62056090405137,-0.527429209134038,0.219544103997802,-0.400545556056921,-0.0366903133626143,"4"
"442",2.00653713474235,-0.480989377402796,-0.407606895450638,0.477026385946931,-0.637157197570904,"4"
"443",2.04585000259382,2.11602433636551,0.632352684267302,0.583181125156303,-0.916758220986215,"4"
"444",1.83714141193018,-0.117327910272368,-0.353324387287687,1.53999735857057,-0.661298262267797,"4"
"445",1.79708912558411,1.0032957036194,-0.178839958614022,-0.597464427997169,-1.04730088283187,"4"
"446",0.0745279610824725,-1.9157205295179,0.193326035002328,2.02208039541277,-0.176007172128219,"5"
"447",0.782572508916502,0.29030694440131,0.446112484287328,0.619925265787547,-0.663322675052937,"5"
"448",-0.0872430322945914,1.96153672155119,2.37095804425829,0.74644953625323,-0.429955644072801,"4"
"449",-0.188873732534517,0.286781347513028,-0.0425366112259747,2.24289128927064,-1.09925990478773,"4"
"450",0.549132029739477,0.959457389132807,-1.42215959975645,0.761937262748671,-2.07194785293532,"5"
"451",1.20284853367643,1.55932495195752,0.249566350932116,0.493604521633625,-1.18279245594602,"4"
"452",2.32989259409134,-0.343735696989431,2.518952959929,-1.12950104843264,0.591180517994626,"4"
"453",-0.873745013037742,1.23275830330552,-1.10181666943818,0.0311987458157618,0.119763698529405,"4"
"454",-1.22030350127274,2.14986085649619,-1.1105629576161,0.260371989261058,-0.491785881717773,"4"
"455",-1.82365456115795,2.12788187071059,-0.515897302645891,0.573649260502815,-0.156323653359228,"4"
"456",-2.84272328233539,1.68693378566261,-0.746598756962197,-0.0350942783476659,-0.176690532891394,"4"
"457",-4.40032517632114,0.543148471307835,-0.557766302026737,0.795611546980906,0.31147453963863,"4"
"458",-4.53207589728487,0.830618830021879,-1.8173823092983,-0.314338128517431,-0.564184098684519,"4"
"459",-3.06114561391767,1.00165431924275,-0.460092036830769,0.808856769297665,0.074001399792811,"3"
"460",-5.12319623087631,0.948843220494496,0.506863177503396,-1.96833990372668,0.384067520936795,"4"
"461",-2.58456577424483,1.34524634742234,-0.600186137776444,1.19657241062368,-0.179044192829353,"4"
"462",-2.96064095472399,0.824990231249133,-1.53897878612687,-1.88781159607238,-0.828073817471733,"3"
"463",-2.73328004494124,0.111877648227338,-2.55354004501455,0.424740126982184,-0.970894122008585,"2"
"464",-2.30815666750393,-0.285642351867231,-0.920661343291019,-2.0239947617135,0.153974900881902,"2"
"465",-1.54226458097937,1.59108968469833,-0.498517662456198,-0.420517832590865,-0.188125151737034,"3"
"466",-2.23024312011985,0.427915137097163,-0.920919573958235,1.02609718032788,-0.0282109727684146,"1"
"467",-2.28465413185403,1.99979921885667,0.906214856564335,-0.0224205190380297,0.331106295350271,"2"
"468",-0.543560521492268,0.473369350592261,-0.052924222243422,-0.553050604176727,0.472248681643608,"2"
"469",-0.805639259195915,0.376196832676852,-0.44315808851791,-0.9684163498417,0.132382467210245,"2"
"470",0.0521561033637069,-0.196921403685651,-0.88501700680345,-2.09967840483992,-0.0155791486406106,"2"
"471",-0.131197511816106,1.72584888130047,1.66164987249518,0.653917625272387,0.830122936930555,"2"
"472",0.420076711830986,-0.418196419386433,-0.313468716270574,-0.300854251637888,0.632732269654771,"3"
"473",1.25408019154996,-0.406357422635755,-0.382729389151311,-0.80790786381671,0.457799696367863,"2"
"474",1.73082705685226,1.27230041951684,0.311996342023014,-1.53123124522589,0.257991016738475,"2"
"475",1.57816273543647,1.69367183853907,1.52619287372627,0.178962837832178,0.673323045402472,"2"
"476",1.76551603933858,0.724713452061557,0.964822312470282,-0.642454317030445,0.699052618114105,"2"
"477",1.00813247887731,1.41572800848062,1.009135459617,0.569590732513006,0.367072254236287,"1"
"478",1.44297032286248,0.0267918303188807,0.0869896332480166,-1.20306546103838,0.344791797044871,"2"
"479",0.596366016280845,-0.267978623759176,-0.0337736618131775,0.679390252979478,0.326768675385724,"2"
"480",1.22470701445509,0.835601957644593,0.772585833658541,-0.420121387147474,0.366898839510486,"2"
"481",1.47374384278042,-0.591889078433805,-0.401409509801831,1.03032620312732,0.301743168090233,"2"
"482",1.43124854638699,-1.00040367603448,-1.44263754849131,0.416302282093486,-0.181768113335367,"3"
"483",2.35413093784452,0.776166385193014,-0.710883483307745,-0.235311014123679,-0.542407364130893,"3"
"484",1.68042729624262,-0.876461794339623,-0.134333086621197,0.299229728074672,0.422298196606927,"4"
"485",1.94658232345291,-0.18275565572783,-0.635140726402761,-0.501694638539881,-0.277944221164767,"4"
"486",2.40122234939547,0.628157016854264,-0.132230360123033,0.920066453471992,-0.147847108780534,"3"
"487",2.46653832473983,0.00777936156014386,-0.896462946169227,1.05708654078316,-0.252974429196039,"3"
"488",2.52819043748952,0.905056866030042,1.30741973681128,-0.256149297742668,0.459936974346383,"4"
"489",3.16547964356712,0.527663795884371,0.168389333601456,0.00248105807433252,-0.0586322471752582,"4"
"490",2.30648510750788,0.504011079910425,0.872505749451947,-0.0515662878419111,0.319839281911098,"4"
"491",2.79065581206151,0.0365039572466076,-0.134633704076174,0.2633229067793,-0.0167789131978997,"4"
"492",2.06346988149927,-0.408361512076233,-0.216653032286373,-0.133941605508904,0.0247238557255254,"4"
"493",1.73243098275028,1.90378821127757,1.51422861707671,-0.154539028453805,-0.349246482389713,"4"
"494",2.29616767798114,2.62412806002112,2.1184635688629,0.367038205845944,-0.0399252359046561,"4"
"495",2.26315885797913,0.867157512548761,0.788932327548949,0.773131266266461,-0.101830086770087,"4"
"496",1.65799036493501,-0.197804507178405,0.261781021546193,0.719256308970799,-0.14525001808202,"4"
"497",1.04499135576127,0.891316454231755,1.90486038104341,0.355655530523757,0.201680385209242,"4"
"498",1.52436465878162,2.52586032581233,2.20536442314639,0.536063556706728,-0.379613341031895,"4"
"499",0.845343166540737,1.63340858702629,1.50807201018426,1.30901032532012,-0.435717012703323,"4"
"500",0.0432067301167703,0.452766970056592,1.61790320794587,-0.220450590061141,0.0744244045953176,"4"
"501",-1.7417686697372,-0.609628353437719,-0.343093430946822,2.94960356922437,-0.802090126206641,"3"
"502",-2.29454319288352,1.23436721426327,1.5357612424045,-0.05091833650742,-0.674996509489631,"2"
"503",-1.80744559109808,0.921083174125827,1.75437170135958,0.0902342011602875,-0.449769844264234,"2"
"504",-0.552205812669104,2.51272219158993,-0.302207234989671,-0.100797603027026,-1.87299082206232,"2"
"505",-1.94251859421222,0.316133838931326,1.49618149834434,0.292497280811982,1.94028964011648,"2"
"506",-3.40511865746002,-2.33497829602518,0.794989121974693,0.361766005485081,2.36042274922112,"3"
"507",-5.7558210904941,-3.56802955254155,-0.844513335647262,1.52991281893735,1.95281985439142,"3"
"508",-6.61225951088975,-3.91919560587948,-2.30407795728207,0.331312789261374,1.18470048710718,"3"
"509",-3.10598983720037,-1.63558428506107,0.46884315763644,0.353147874668452,1.98008242881179,"2"
"510",-2.62313471701584,-0.0505809029132558,-0.431762766535795,-0.821131713117496,0.689115051978691,"1"
"511",-2.52361448074434,0.0620647173873467,1.13700501660788,-1.04367669087045,1.48897558235085,"1"
"512",-3.85071049090392,0.0175149721838609,0.79900425767469,-0.658885862424596,1.06562116815164,"1"
"513",-4.32081876412174,-0.456921325275219,0.369939576088187,0.715479815809699,1.09812206010463,"1"
"514",-5.56679648101547,-1.33334801237983,1.10453380887995,-1.78792468510711,1.7721916343022,"1"
"515",-5.20775705583601,-0.0569463108463397,1.54200708902377,-1.32613131581893,1.32118435359684,"1"
"516",-4.641367692711,-1.12877275252452,-0.0271396374266955,-0.211653699450315,0.992343589045125,"1"
"517",-4.99862778836493,-0.769464204829269,-1.01243486672917,-0.0757177719331228,0.305770512663358,"1"
"518",-2.2751119492614,-0.33033198814613,-0.285323376527364,0.275274776392339,0.793980884340393,"1"
"519",-3.13076373763422,0.742006402334139,0.219288946324179,-0.32543599351279,0.448860518669929,"1"
"520",-1.86671175651837,3.74833744888039,0.37472905872922,-0.00400756907132788,-0.897697091513514,"1"
"521",-1.76089277981757,-0.946530615088079,-0.5317231555327,-1.26476888694708,0.619417471127679,"1"
"522",-1.25438349824373,0.401535028721256,0.666847739369834,-1.17753739304713,0.732787112181981,"1"
"523",-1.3529858534925,0.504596348931193,0.441816713459281,-0.49198431774417,0.563286614219512,"1"
"524",-0.423031656240038,0.351284235134261,0.183736501233827,1.34812175446663,0.709831388316834,"1"
"525",-0.794279062616394,-0.491308533625885,0.299942713655392,-2.16491110867382,0.840218366322155,"1"
"526",0.176855812142126,-0.0476887206152429,0.121008341995764,0.292952553666903,0.740083831328953,"1"
"527",0.38278067536004,-0.326121343359441,0.534228748823891,-1.15485541693883,0.944881744889737,"1"
"528",0.620879609763612,-0.293933665055962,-0.165568091949198,0.271031875152627,0.69815314881244,"1"
"529",0.21286672207494,-2.18430131587544,-1.34989693839898,0.502950521069785,0.594927166370156,"1"
"530",0.431109548481361,-0.20972468696092,0.366734305337503,0.430375343760382,0.760050387220045,"1"
"531",1.50525527133899,1.26220244315675,1.37013910488149,-0.304238324244109,0.795942596269959,"1"
"532",0.693525270001866,-2.53221887804793,-1.31301827915644,-0.732992354868355,0.603380957210433,"1"
"533",1.05434591988835,-2.87664307546589,-1.0517890954019,0.573105047436662,1.08283157718235,"1"
"534",0.73263947287897,-2.88053915243064,-0.298248848791042,-0.288708421848442,1.10153420431793,"1"
"535",1.46936253876248,0.130261463918214,1.27601123859624,0.0599072713111674,1.01323620522598,"1"
"536",1.18846409174118,-1.8174260156415,-1.07470336062697,1.0434584892386,0.479484004468893,"1"
"537",1.89188833939977,-1.86283374620942,-0.683365219730912,0.43581447009115,0.785887893848714,"2"
"538",2.01603328982192,-1.69076837079726,0.0764031918322489,-0.412707908988107,1.09740723644611,"1"
"539",1.72496555384452,-2.2186506362272,-0.059055969886474,2.0503870560043,1.12011283921531,"1"
"540",1.77927296017699,-1.64947767326654,-1.00109436830159,0.171334801909901,0.414509671943191,"1"
"541",2.15001044595459,-2.24691870191768,-1.92771442763733,-0.0878865816202306,-0.0842728834570054,"1"
"542",1.93062445176102,-1.47705824620674,0.0809399763454056,-0.138977414152275,0.864346720855196,"1"
"543",1.69641853940285,0.21710466565138,1.25285989111953,0.139103669895996,0.539734679971245,"2"
"544",1.50232125849432,-3.84649516830727,-1.86931838003372,0.823360285863019,0.539359811953046,"2"
"545",0.963371248215703,-5.08643132770678,-1.36474146726614,0.992771116692714,1.39405610847414,"2"
"546",2.02356035038975,-0.0619590060883105,0.477497064765423,-0.0218102916354315,0.363159282403201,"3"
"547",1.56388327512741,-0.510629872036635,1.66505091133076,-0.115286235263428,1.0089255478851,"2"
"548",1.88005276185418,-0.926923100251271,1.02150930143529,-0.111420340171005,0.830420199716043,"3"
"549",-0.0545940140834448,1.35252555691344,1.31530092637524,0.645007401167443,0.218056440385622,"3"
"550",-0.534440582357179,1.01653576714452,0.558111886035063,-1.69576040652862,-0.34249240204703,"4"
"551",0.793290645922884,0.377828418967427,0.0755604726358639,0.0164716020689122,-0.30114902709018,"3"
"552",0.948874545151219,-0.45021816477729,0.564800003035338,0.658832519269341,0.11481149744997,"3"
"553",1.11102627362683,0.920226476325529,1.60742311534918,-1.0407697001562,0.104934274795463,"3"
"554",0.568001936290649,2.2273832532907,2.06087445649793,-1.10189867405723,-0.25341582191261,"2"
"555",0.117685047555277,3.23364371844746,3.39942175635422,0.557128436217395,0.130813562619809,"3"
"556",-2.04995682505549,0.501276216386477,-1.80833400754377,-1.19055661901405,0.277340502851091,"3"
"557",-1.67937282947188,0.1082079420828,-0.557543380600454,0.0239205867509227,1.19373864624165,"2"
"558",-2.77034245793647,0.687334456596925,-1.00242499770335,-0.662705044539278,0.618725569023332,"2"
"559",-2.13706205392799,0.186611180463733,-1.38445353713896,1.03194303685284,0.522781266760138,"3"
"560",-2.05049137649331,0.297378303284816,-1.55993291655893,0.746548071148815,0.403094358248187,"2"
"561",-2.54546018588846,1.22476170834024,-0.627209151999223,-0.220247263863929,0.419980550768621,"2"
"562",-2.18537340917574,1.56995242575742,-0.982847913856924,-0.659587303796002,-0.0591795919950741,"2"
"563",-2.60323210632915,-1.11615794988704,-0.468416227990867,0.602657568918904,1.37013001870076,"3"
"564",-3.85549449520473,-4.1385913642526,-0.382056429153238,2.25810748732996,2.53311517182107,"2"
"565",-4.05381106555002,-2.72227711012746,-1.2158789460765,-1.42701122781537,1.30708365041801,"3"
"566",-2.14435108887843,-3.60543038574917,1.17687330473647,-1.92568054703524,3.00536126550188,"2"
"567",-1.70592132264982,0.637342913530067,0.0952376093748502,-0.163395396307901,0.936428767040251,"1"
"568",-2.14574124146088,-1.71071196216719,-0.210506968350465,1.00770348991278,1.45777611460794,"3"
"569",-1.22013240276035,-0.412567818919574,0.115688037502011,-2.14480655151366,1.19156535433656,"2"
"570",-2.41624625815833,-3.05094443777172,-1.236301846438,0.894088383837326,1.23658790536945,"1"
"571",-2.01959338081501,-0.192747273047395,-1.17511274046594,-0.119178936753669,0.417062391067125,"1"
"572",-0.651985277690882,1.22224069458723,0.610115529518696,-0.0978726606418318,0.888662075180107,"1"
"573",-1.59207067251638,1.49071683263804,-1.29582619324692,0.369119543832136,-0.293096545912368,"1"
"574",0.787297205513339,2.27159589474887,1.74403711068184,0.210328725671979,1.13456427055298,"2"
"575",0.331006367077473,-0.18757306225314,-0.254943971020085,1.09027122152392,0.930777177123933,"1"
"576",0.562091055617724,-0.0173532756202429,-0.433581066798437,-0.829533792800155,0.697733163123584,"1"
"577",0.802661550085021,0.170295716416451,-0.754204345362921,-0.0769197447926432,0.457190228469133,"1"
"578",0.649383708231853,0.319881362888634,-0.979558035465458,-0.787242902526349,0.169394883807962,"2"
"579",1.29225513712149,-0.920261096564555,-1.90468961390529,0.360943732330174,0.313285112642846,"2"
"580",0.541644946504805,1.58324551693161,-0.429944470465403,-1.73484263362014,-0.167087941995432,"2"
"581",1.80764721615045,0.404184888760732,-1.55943410744656,-0.4840633911831,-0.0727907177856457,"3"
"582",1.51121972935225,-0.0496948616114032,-1.05585423329656,-0.0572804310225463,0.124930231076703,"2"
"583",1.80553646671048,0.675551515013091,-1.29714915479023,0.00815275199681625,-0.276434650179706,"3"
"584",1.64550259838415,-0.207715651629811,-1.16920470506763,-0.494051081686913,0.134442527935622,"2"
"585",1.94566101639916,0.333294484669687,-1.34270380481208,-1.19264963771583,-0.233530025021852,"2"
"586",2.13193267460774,0.507106118429904,0.368318448633641,0.297374061041059,0.641726294160446,"3"
"587",2.24001173321104,-1.85945232436689,0.463350051616205,0.598863958500564,1.64567292132372,"3"
"588",2.4677057510926,-1.0206682593847,-0.60886607764169,0.129271476087049,0.630272369181004,"4"
"589",2.01257985141173,-0.272104174257346,-1.55707217733681,-1.55206016265781,-0.340348654169197,"4"
"590",2.24003269684002,-2.0065023494747,0.158388371945719,0.920682927307485,1.29702681746708,"4"
"591",2.56523068571744,-1.14438867609931,-2.31047582455107,1.43776151843616,-0.26286086422663,"4"
"592",1.38507992077779,-4.74083334610131,-3.08665731192176,0.0542046124333793,0.523230081729314,"4"
"593",3.04397749998355,0.816632664180426,-0.299603290093691,0.476456830903457,0.0526257985983511,"4"
"594",2.16685936645505,-1.80294733955489,-1.49309515700963,0.12512623863678,0.256824615452582,"4"
"595",2.87270564568863,-1.56806555064096,-0.870839968563999,-0.905774551045214,0.599989001531279,"4"
"596",2.52272390036313,-0.716892368167668,-1.00523961771052,0.539892271776254,0.034840743007556,"4"
"597",1.73175971098985,-1.44512314156503,0.533221403816876,1.13916951455851,0.976148848716625,"4"
"598",1.75782702872276,-1.39437831814987,-1.13546027978607,0.269688678588781,-0.166770240086216,"4"
"599",1.91222570890442,-0.00984304626820481,-0.975445490414248,-0.132191892626618,-0.510463421309352,"4"
"600",1.65665220793551,1.75890448441556,0.905701244144998,0.136039119193415,-0.00654319881062648,"4"
"601",1.53334908545977,-0.712610102888924,-0.312754900244743,1.52692445215502,0.295181789475524,"4"
"602",0.73832374567452,-2.06820825948514,-0.662562732401038,-0.878681360765139,0.270109030758697,"4"
"603",-0.248574697364766,-2.03187857046533,0.0141427752084671,-0.571509638845858,0.604441556666682,"4"
"604",-0.880547809235571,2.85442519105005,0.764305314472069,0.897469867569287,-0.859586359525505,"3"
"605",0.736738203853724,0.162652164572449,-0.210704944880313,1.88021595032751,-0.492966183240963,"4"
"606",0.223478855302264,2.41123111300139,2.08366624275317,1.24259019285405,-0.221040647894822,"3"
"607",0.247668653649246,-1.12255248372912,0.20711263505605,2.20264513657019,0.263695638376748,"3"
"608",-1.04575402325309,0.64550997134239,-0.488893501541787,0.323231851648651,1.24631226914073,"4"
"609",-1.39507054761683,-1.33168889245596,-0.330216379032403,0.116477905695174,1.84758434175047,"4"
"610",-1.85898908998807,0.552948263424321,-0.929103861991037,-1.06172389027484,0.837491992746405,"4"
"611",-1.43722682158285,1.37669129342804,-0.0470868695344677,0.0812703497429496,0.932375916771124,"3"
"612",-1.9308035168904,0.481797726903479,-2.3616428997984,1.33488297946555,0.3171565083022,"3"
"613",-2.17189668308975,2.17214543808011,-0.221302261181665,0.362088426550879,0.382269623877276,"3"
"614",-2.79738196783567,-0.177199606125366,-1.54757235662697,-0.242830072817958,0.511778818944924,"3"
"615",-2.03670994119634,0.298436821816601,-1.20132069958044,-0.311922930764019,0.625692695809792,"2"
"616",-3.27540601014797,1.13887567639411,-0.276870260015912,-0.918700145538037,0.62571402993922,"3"
"617",-4.24001328355579,0.202889082030161,-1.78688808192045,-1.02993219983385,-0.028285691368621,"1"
"618",-2.68942151078709,0.0199882974666091,-0.74638232671438,0.554964743582547,0.688376780797234,"2"
"619",-2.85928680394302,-1.62320107156822,-1.52129386947722,0.251081275651816,0.932611528209686,"1"
"620",-2.42640431451391,-3.63013787710026,-2.20581478042695,-0.929678179950398,1.1533487905013,"1"
"621",-1.33948136174454,0.779570653283278,-1.51322678418575,-0.265556416603071,0.171756737617718,"1"
"622",-0.956585729479696,1.95404612300595,0.0865696720384305,-0.1201954010242,0.432374565251363,"1"
"623",-3.49873071360343,0.572579479470643,-0.588734779008577,0.811521901763476,0.515488537708963,"1"
"624",-0.732186555281935,2.10211306911397,0.571627638591537,1.04800732329209,0.621620207936104,"1"
"625",-1.18650671471295,-0.558549018808887,-0.00999295469644068,0.0265097942563638,1.16960965986385,"1"
"626",-0.585466256873649,-0.838650632943763,0.110399329319099,1.2456349410255,1.52609637585352,"1"
"627",-0.850950625493687,-0.976461184941775,-1.42951025956584,0.525928143407028,0.634457114155349,"1"
"628",0.249565674424439,-0.405546730547065,-1.31044040339719,-1.08763793298,0.34623893160188,"1"
"629",0.646166273925064,-0.00210657585123855,-0.844765356648683,-1.06098908154461,0.607500119880966,"2"
"630",0.85694231164286,0.763879111420612,-0.0270702911990292,-0.500501611724497,0.691323528805287,"1"
"631",1.09275818505508,0.959585394110862,0.436735335008124,-1.49291601481441,0.837904333155305,"1"
"632",1.41945208203011,0.0175009561298683,-0.728051815512591,-0.337655859642107,0.63978007241205,"1"
"633",0.902317095335716,-0.731468534400779,-0.696879756567886,0.419859229027875,0.849814946408863,"1"
"634",1.49607814701327,0.374229922681422,-1.4563091436342,-1.22447229820762,-0.0259526565571387,"1"
"635",1.23005223654711,-0.0573317534945228,-1.92408527068914,0.764147041321393,-0.126630288066445,"1"
"636",1.98815881672735,0.0690727679231914,-0.650255167382131,0.789512571692324,0.657791062131931,"1"
"637",1.90528672257073,0.376156706832663,-2.18117398983636,0.0209759163094489,-0.45238477865974,"1"
"638",2.62046738370909,1.67432775781854,-0.156039528152483,-0.171012446537097,0.117575665193045,"1"
"639",2.01504744487898,-1.17078932250578,-2.59010473797808,-0.954644727187597,-0.166274393614543,"1"
"640",2.71250146039767,0.356600789697721,-0.813748047914906,-0.507417017079347,0.234441458776832,"1"
"641",2.56275498833365,0.32554810577773,-1.23782759577724,0.690468198739463,0.228694114761558,"1"
"642",2.80778365586448,0.722328902184579,-0.776281579888122,-0.576326971986651,0.109794527017821,"1"
"643",2.66239291304193,0.110201172917312,-0.0253786353489318,1.10173707425014,0.792669470230586,"1"
"644",2.75383534008885,-0.745297251648366,-2.42150237462181,-1.45372069422663,-0.3015181957421,"1"
"645",3.25344801995164,0.446633371253263,-0.211402522973781,0.428442523153002,0.517164911820941,"1"
"646",2.89660289770086,1.16404567903239,0.692729404864042,0.131280906133903,0.682277296194447,"1"
"647",3.53701501993455,1.35703266175736,1.50958051318113,0.170799990546491,0.997435964643185,"1"
"648",2.26156878554453,0.368682859712169,-2.28538420664322,0.631736013657094,-0.850918810416276,"2"
"649",2.10094343306455,0.200200967623945,-0.413002487271995,-1.0142445133817,0.0637838732731416,"1"
"650",2.51989085783218,1.08593484855232,-2.27502735613279,1.16390560464485,-1.16896345962119,"1"
"651",2.18280480526413,0.492633388711046,-1.13477991074714,0.531323589925927,-0.361509233681085,"2"
"652",1.57331668999844,-3.32679566799826,-2.11905390111975,0.117244941270228,0.500747727666139,"1"
"653",1.58225344046108,-1.63201792280301,-2.24206186148474,-0.595937099630973,-0.247551529590315,"2"
"654",1.73248174355655,0.753307935179458,-1.72791332514016,0.817565117783048,-0.872007431397264,"1"
"655",1.59319855257309,-0.777476867138017,-2.84381666974233,1.14622256498512,-1.00399600042307,"1"
"656",1.42726323459214,0.949985293218938,-3.83717572095559,-0.524443414875241,-2.4808189931455,"1"
"657",1.55667535468937,1.87204444908386,-1.62954125671322,1.01533954422121,-1.5807540336489,"2"
"658",0.823142058045429,1.32247167688332,-1.74556292854926,0.547403001441749,-1.41454233565173,"1"
"659",0.303753552634337,1.72031934064383,-1.68276219015422,1.21424185625326,-1.36096181371981,"1"
"660",-1.88125802314087,1.60179375162109,-1.93101397251917,0.830680908642579,0.255306109293698,"2"
"661",-0.841099293816319,2.6127963329004,-2.05117189256547,0.743213747233538,-0.240717192889382,"1"
"662",-1.84355946043824,-0.595747180514335,-2.97765426559637,-1.74443270798301,0.423452911479907,"1"
"663",-0.891693565283366,0.544134368483325,-0.892658364823322,-1.33881604298982,1.09118166195635,"2"
"664",-0.968768027668611,2.31487946833083,0.768613296716835,0.582194687274345,1.40393491239348,"2"
"665",-1.45333039135963,0.558401475105648,-0.831324895439338,0.324496850050834,1.09382934789168,"1"
"666",-1.40560788782589,1.31904898705936,-1.86989771844956,1.07623713291519,0.296853196513901,"1"
"667",-0.86271672371974,1.53689149840775,-1.14888196117477,-0.648856636606755,0.502717260584803,"1"
"668",-1.1382392170932,1.87771156888005,-0.752472062649973,-0.614225880122283,0.450510545332285,"1"
"669",-1.35493353191775,0.806178788387115,-4.88800409391022,0.146120123154864,-1.39532197067131,"2"
"670",-0.82231276004639,1.53959132577555,-0.155572231666226,-1.6263756617442,0.806942204378294,"1"
"671",-1.08313299334701,1.31814907146117,-1.46164167079279,-1.63751972092541,0.0719618827704232,"1"
"672",-0.947635286640095,2.13939019944084,-2.04371896669628,-1.43365189198514,-0.434081604075937,"2"
"673",-0.262087159028936,1.70603176805566,-0.118408212794181,0.129064785275353,1.07052580108662,"1"
"674",-1.11042001202903,0.618701535014104,0.31249706207498,0.424151511796252,1.42744702291557,"1"
"675",-0.17788809817824,2.35699869036873,0.822484986776736,0.35550128520257,1.08912709828451,"1"
"676",-0.197904805952748,2.62893914942756,-1.12130908302248,1.41584574953636,-0.0651546244598495,"1"
"677",0.285986649054725,-0.252366010898364,-1.57954137331438,1.47263242079503,0.893037854613549,"1"
"678",0.656425734250962,-0.573983194160712,-2.68372718765549,-1.06697387737916,0.0477934236508912,"1"
"679",0.164949429923509,1.13531493551346,-1.30260329671575,-0.705040194158209,0.231061823078806,"1"
"680",0.518362991236915,1.15706491378551,-0.345839992806586,-0.623684125164321,0.703611167075526,"1"
"681",0.608082211992173,1.05478437977499,-1.41121975749181,0.342594790505383,0.132245986190605,"1"
"682",1.00896529933277,-0.219928974553851,-1.10564459279654,-1.31680108133912,0.764460667774374,"2"
"683",0.881438006814232,1.55810766644346,0.637510763864142,0.0782050613247358,1.01230007386773,"2"
"684",0.954585117835953,0.697841905087457,-0.228610660850693,0.460194596811568,0.877511437756994,"2"
"685",1.41368251198169,2.26889845734799,-1.56057389419151,-2.27237354799662,-0.851105458721908,"2"
"686",1.59565776282489,0.537290464986276,-1.89649786182125,-0.130007170713116,-0.180724111532998,"2"
"687",0.900443357329905,-1.60586708729747,0.474717989361268,0.00253956903998327,1.81120293737387,"3"
"688",1.66578204179335,1.2242767589363,-2.07479228197957,0.918709689463587,-0.397500691910049,"3"
"689",1.64681575837968,0.0439157471588568,-0.367654576444958,-0.868916434056223,0.872884522277841,"2"
"690",2.02310831880247,0.755379133881477,-0.875176145950424,0.743972369623381,0.326507193145533,"3"
"691",1.82393910529491,-0.475025780996442,-1.40262174020923,-0.477579328549961,0.368989778093382,"3"
"692",2.08845184711347,-0.264766541153208,-1.5348429834303,0.0582244152047881,0.255504372185154,"3"
"693",2.44796691249089,0.265376922488882,-0.361548242640687,-0.0416179903404613,0.735976406336712,"3"
"694",2.54143176908219,-0.360851959255103,-0.323762497622403,0.938036942509409,1.00674469813541,"4"
"695",2.33641982222006,-1.95945763007038,-0.411064286788137,0.443571752161195,1.23190481396186,"3"
"696",2.96866591877357,-0.937950346073618,-2.06382429374058,0.15111120374133,0.341186979025056,"4"
"697",2.9803002058229,-0.638543765749748,-2.49064365340974,-1.49045056934521,-0.335583012558669,"3"
"698",2.95853377153368,-0.260006137762595,-1.77603307783331,1.28848617789589,-0.0426520129055968,"4"
"699",3.24565393425315,-0.602003283401544,-1.63290287768145,-0.571672857856269,0.207457036403312,"4"
"700",2.65190572704923,0.580450518247254,-0.580699362127664,-2.37549258173708,0.0897813111318098,"4"
"701",2.49945567644168,-0.785391813140839,-2.07974920922485,1.31902204620269,-0.0591436542667798,"3"
"702",2.93195130415811,0.795395974880577,-0.563055185934987,-0.70029476019917,-0.0263158122447958,"4"
"703",2.97266387590861,1.27531053721748,0.624327219744113,-1.11784033615575,0.601763637991931,"4"
"704",1.86198746922684,0.0769785033257446,1.00008339099879,0.717409884803399,1.11639649468642,"4"
"705",2.19742602437467,1.83296830945107,1.61816859547685,0.650382803668691,0.649105492522319,"4"
"706",1.56274929445513,2.74630597084278,-0.258998542565719,1.84695148532885,-1.08008888677324,"3"
"707",0.672067750278199,0.828299098674953,-1.78564638040884,1.71189341725408,-1.03834634889831,"4"
"708",0.253984379921245,1.32568835766004,0.0747515350172706,-1.29598682338308,-0.501659575388956,"3"
"709",1.28916073178559,3.10337267466016,-0.888111226569814,1.43580276833029,-1.31089477229491,"3"
"710",-0.153479286882944,0.323864794755615,-2.29582536955876,0.79760281511495,-1.33512487262364,"2"
"711",0.468118132028819,1.31158182064493,-0.499920598823624,0.10833232146425,-0.697951824933701,"3"
"712",-3.02276347355253,3.53676674428405,-2.78400024602855,1.9773621845731,-0.649168299704757,"2"
"713",-2.9948171242217,1.30659188674793,-2.10460092913493,0.661933360456547,0.234626036060107,"3"
"714",-2.38167870625853,-0.397453816700292,-2.90532177084685,1.32514093546358,0.563308153804057,"2"
"715",-1.54254871159931,5.98719642178659,0.649240691609128,-1.11737981647397,0.0261901410206726,"2"
"716",-2.93568002904407,0.945780712342257,-3.50043365907468,-0.588848923048064,-0.444571067627801,"3"
"717",-2.20876838684421,0.475841557065127,-2.53147176772293,-0.308012780492463,0.446302307406028,"2"
"718",-1.6197870896877,0.840262094935726,-2.03330101613001,0.48575721641862,0.378360521572711,"2"
"719",-1.30739871697205,2.90390665802631,-1.61487577925356,-0.183262725068186,-0.210801958385864,"2"
"720",-1.92205768736879,1.3568647235937,-0.304707490772937,0.226609160003995,1.14311848679045,"2"
"721",-1.69221782704681,0.481044138482544,-1.99002319783145,0.467535935212625,0.448314555395043,"1"
"722",-2.7329740814482,1.60701281524784,-1.33443864264107,-0.897847508692409,0.186080530352856,"1"
"723",-1.26679461157746,3.48180521203985,1.67524315299665,-0.857817710559821,1.38468426629305,"1"
"724",-0.892768821153341,3.65005215763476,-1.44138903300504,-1.22135384306956,-1.05700520342101,"2"
"725",-2.93662112942694,1.68924362111018,-0.137081246725612,1.52744150966957,0.91458924913505,"1"
"726",-2.75021804523687,-3.98032192927376,-1.73644090886359,0.342618783375228,2.45959499397091,"1"
"727",-0.698228891316285,0.987616155454512,-1.26012380372229,0.737187706191334,0.642724894150547,"1"
"728",-1.29804606955571,0.25657655892063,-2.6137331545689,-0.250618042067426,0.0644989271510256,"1"
"729",0.311301027617292,2.51153907989269,-0.27732348186468,-0.15872012877596,0.59291218710744,"2"
"730",-0.198016946409695,1.20562895225037,0.917390472497972,0.0775870107584015,1.57952523552378,"1"
"731",-0.00126950118895309,1.31397317981494,-0.658531119434667,0.0183752712123814,0.402685935952206,"1"
"732",-0.918021940450039,1.69067041642765,0.49290239888889,1.04742773423974,0.946332301812201,"1"
"733",-0.164464429878717,1.85501211280531,-0.534973765140182,1.97616136046655,0.428112945056121,"2"
"734",1.58112255460745,2.42924712834771,-0.343622846630476,-1.58081294240567,0.279645042906502,"2"
"735",0.954234701334674,1.31951071591455,-0.981660816754044,-0.0576969379517104,0.403422724437083,"2"
"736",1.75157962262738,1.08214666702805,-0.0135108905079549,0.869363682081483,1.12315142997905,"2"
"737",1.61990495066476,0.683343780300483,-1.34507099812759,-0.665973907275149,0.47116898750681,"2"
"738",2.15959768111692,0.988489797930952,-0.347957004434758,0.691155984775415,1.01915565039494,"1"
"739",1.85723588448372,1.23608958768739,-1.01633899139359,1.07759053592364,0.384004618986447,"3"
"740",2.36325037569965,1.57308866587565,-1.62800582195962,-0.256336959734174,-0.0815748062891392,"3"
"741",1.71414911337403,0.278184086673433,-0.342913299401801,0.106354741146595,1.01458075771496,"1"
"742",2.04310002100532,1.20643638992256,-1.22266754240311,0.696919248875369,0.207726257797169,"1"
"743",2.08070202438567,0.458894005259361,-1.16280838220181,-0.405361992788834,0.411756553007694,"3"
"744",2.58785326993029,0.268666908974233,-0.376756512589485,-0.912874135665982,0.85317709718988,"2"
"745",2.59002716069506,0.884719188051621,-1.24442481250855,0.225724186982491,0.212580144926323,"2"
"746",2.64456100974555,0.938248443798117,0.629658655446108,-0.530453188773467,1.16944080420662,"1"
"747",2.38387011651743,0.188819526456482,-0.932716060116279,0.0459030736975518,0.543600508471622,"2"
"748",2.98151756449998,0.840352844831626,0.777421603826682,-0.582199556082147,1.21732071331824,"2"
"749",3.30977253554082,-0.0260854664172126,1.0860049112021,-0.289091250143306,1.51118124362544,"2"
"750",2.17483915837577,0.307779610564379,-1.87793591329529,2.07858004414547,0.0830460090744818,"3"
"751",2.85690532446992,-0.184235117743572,-1.6862656154,0.105112486003262,0.330084409017233,"2"
"752",2.75834893403942,2.18780770480975,0.776393523948163,-0.438720278057461,0.484412611653709,"3"
"753",2.65707153896022,-1.00329698847039,-1.25794784470612,0.767386797288506,0.716909601064282,"2"
"754",2.72020166889886,1.21214776827416,1.10100583793636,-0.863162742412009,0.992768919180959,"2"
"755",2.2341776615183,1.00792210018972,0.832109291918723,0.083029580657633,0.833312226335267,"3"
"756",1.3886152883205,-0.933560319620965,-0.602000950811865,1.87007212045347,0.834915081545913,"2"
"757",1.83790187394092,2.51093769934569,1.10878228156931,-1.27215615151062,0.239486027160463,"1"
"758",-0.0652573272147229,-0.49335909632135,0.289928915757116,1.79282378477816,1.09546624310928,"2"
"759",-0.7512183141197,0.680750468070544,-1.65050329553005,1.2571441188813,-0.732058359940605,"1"
"760",-0.177559251684273,1.27928319378936,-2.99384826322648,0.3541808519537,-1.91094602195882,"1"
"761",-1.07066457691168,1.04847357506934,-1.32382971478696,0.477106714801149,-0.846909938594112,"2"
"762",0.810877412233521,2.14819687051971,-0.984147079507779,0.91861192759094,-1.13359781930199,"2"
"763",0.815344068932726,2.09674957921706,-1.14742755652373,1.52349745794175,-1.13047861004819,"2"
"764",2.64736592942983,0.264994382464692,2.12555753607896,-1.06345085603847,1.45658495586312,"2"
"765",-2.50842388680181,2.89434475962673,-0.276744353868599,0.324474864925256,1.05923431077418,"2"
"766",-2.38497770891698,2.47844814141469,-0.233675370237035,1.20062291432101,1.1450175410719,"2"
"767",-2.29020924183853,2.07813396760602,-2.40108946189426,1.26888111955989,0.0163119096108351,"1"
"768",-3.61554328424599,2.20824487386337,-0.74076303408005,1.190578268403,0.738391159014831,"1"
"769",-4.79282949626194,1.80896549322047,-1.64472408666378,0.295147263061927,0.275651704836811,"1"
"770",-5.12105944592354,0.622963026003374,-3.90497051043774,1.18480265001573,-0.389519475169331,"2"
"771",-5.1082938450456,0.955690220289488,-0.739935475108729,-0.0717657405257635,1.03243962990517,"2"
"772",-4.61484377183056,1.20255105143317,-1.53657096385964,-0.416314870594167,0.468874403729263,"2"
"773",-2.34090285230792,2.82880965962173,-1.11931597386112,-0.589314357488616,0.192886999856591,"1"
"774",-2.23918511866459,-0.739378070427939,-2.47336050349017,-1.71829534774214,0.82421457154219,"1"
"775",-2.68491338390112,0.21981139222467,-2.28331183378786,-1.87098190241606,0.593577056672942,"2"
"776",-1.95190051453156,1.63052283622707,-2.33182668011214,-2.09126769217778,-0.0339512743035021,"1"
"777",-0.708301477961188,1.57791425481371,-1.8566981419669,-2.31506935470476,0.284512077193126,"1"
"778",-0.0143078451674873,1.66052826187765,-0.808638935136557,-0.858588786529295,0.858529179160739,"1"
"779",0.264651001753455,3.00350428519195,-1.46566671995496,-0.0249396889117007,0.122407641980813,"1"
"780",1.25667204131522,2.22619335203013,0.234975664415337,0.680703211972436,1.50567882024392,"1"
"781",0.331400950239743,2.40015869015871,0.615006265633432,1.64744250704741,1.26331278608397,"1"
"782",0.813627304475059,2.45245961148335,-3.26178526527879,1.10758585471188,-0.602192920921495,"1"
"783",0.747150087010924,1.26350062429723,0.221447849401742,-0.776989706454842,1.46306885595361,"1"
"784",0.593098652409547,2.5026816748182,1.51189796177682,0.913571611041133,1.74665658533908,"1"
"785",1.73287892381749,1.76372508472074,0.75582513277032,0.410837528733835,1.71157455775484,"1"
"786",2.76984343011255,1.0269585952717,-1.18438643708437,-0.212847172064551,0.915850494337609,"2"
"787",2.36256506128477,-0.276922638491431,-1.17639745535816,-1.39001500456626,1.21026603623958,"2"
"788",1.67694282410569,1.03414218546722,0.368009406721522,0.289183294028246,1.47504514912857,"3"
"789",2.45059838140861,-0.887792972804263,-2.02256014309015,-2.68388337739816,0.941458513552305,"3"
"790",2.85260365072806,1.31980032702474,0.813966601997741,0.00569712405663858,1.74656047846059,"3"
"791",2.98866458546835,-1.34604466212549,-0.647974697114863,0.12951058196674,1.813874206653,"3"
"792",2.41833711432291,1.18269714872684,0.10974315958625,0.334881000458152,1.2652031272286,"4"
"793",2.66362610011316,0.361650744132593,-2.5215615583494,0.901535171122379,0.186553854912791,"4"
"794",2.8485686878229,0.506293552407696,-2.52809235861087,1.29806945445131,0.0527534758331661,"4"
"795",3.2431845704838,1.87724431499559,-0.713035925014184,0.0971052402694021,0.496222625639305,"5"
"796",3.01408914314179,-0.720817702119644,-2.10958934262157,-0.277847775135723,0.763083917629414,"5"
"797",3.44512980146672,1.3034642838246,0.529224467885173,-0.967904465164743,1.34681571197456,"5"
"798",3.35016845556076,1.85746626904335,-0.540668588075139,-0.290034124709702,0.426049849864457,"5"
"799",3.71512831671864,1.53855403370184,0.208120468381157,0.615270547955791,1.17535852636296,"5"
"800",3.0098057768735,0.0858021580810913,-2.24271271307594,-0.743041755613347,0.278459415943391,"5"
"801",4.5322777185159,0.872501585100593,-0.723173074564995,0.204923778127625,0.902082181303023,"5"
"802",3.29034154770871,0.862731553896071,-1.3631839272355,-0.56331577726465,0.406265803541391,"5"
"803",3.41158318723178,0.811422599456721,-1.29333230549268,-0.328005114060823,0.434302370530148,"4"
"804",3.38505940645128,1.38312435025306,0.453118868314428,-0.736231091959252,0.991043932558991,"4"
"805",2.55949987375327,2.56320530410244,1.60113402047739,0.763074443813005,1.17898452034569,"4"
"806",2.68110767387829,-0.209328694253871,-1.72221867010292,0.92830818426743,0.376783557592417,"4"
"807",3.09436466371134,0.79296553246917,-0.758731943461713,0.709783883094654,0.385406106675521,"4"
"808",2.87193303163105,-0.127398211500675,-1.96966883088218,1.14873471837987,0.274540893465615,"4"
"809",2.77536925791308,0.398749845205213,-0.866527185869537,0.443828482730137,0.353641372801372,"4"
"810",1.544138992582,0.389702224768009,-0.987103882107932,1.02855282357745,0.197783394192759,"3"
"811",0.866524771334408,-0.789807890631736,-0.453096594555315,0.662471697006943,0.767008066798015,"3"
"812",0.989168002717067,-1.69536663763672,-1.22325855456223,1.92147076772635,0.797560225668709,"3"
"813",-0.927723871034603,1.04972244375627,-1.15417407879438,1.1065273398183,-0.486333362984718,"2"
"814",0.568966445003516,1.91965172422464,-1.24679143024464,0.871154560078603,-0.774542129250892,"2"
"815",-0.512579516735287,-1.31073163380594,-2.35602121455502,1.66741760151397,-0.18921489428208,"1"
"816",0.960821744211273,2.25073455508689,-1.93677185872648,0.517282734129603,-1.08687251238559,"2"
"817",-1.16332277208809,2.79656793997309,-0.52371304184778,-0.850512149007121,1.21112687422497,"2"
"818",-1.95069897505409,0.715578239390528,-2.83006900419149,0.888185899007741,0.705376356970636,"2"
"819",-0.503315491016984,4.31261133553845,-0.872248698503263,1.12485386732573,0.48838902938703,"3"
"820",-1.58920090745846,2.94770603581401,-0.192551915449498,0.284790141881707,1.25075013395018,"2"
"821",-2.79207584690965,1.79728369001702,-0.988777129317681,-0.31858506317478,1.15809491730918,"2"
"822",-1.65325849063726,2.90686895945432,-3.85380303892869,1.17801100797801,-0.944007556127196,"2"
"823",-2.04957567038333,-0.294700040832692,-0.94428583401602,0.260460767762696,2.26108991215465,"1"
"824",-2.26352539948309,-0.111202851977461,-2.86742239765111,-0.507503868347812,0.375256295097171,"1"
"825",-1.93646474791443,2.42810176990454,-3.05220565544383,-2.0832789818373,-0.490820145760631,"1"
"826",-2.17878384792675,1.61575756301556,-1.34847762636483,-0.906260160756513,0.805519897873652,"1"
"827",-2.93667073026361,1.78086381310757,-1.36068024905864,-1.00148896376759,0.632364860541398,"1"
"828",-1.71389677838817,2.58963225271635,-1.04098397594122,-0.533257479269041,0.64979789634339,"1"
"829",-1.0870029038097,2.07487559096959,0.35786717109578,-0.932213244992751,1.57902383593838,"1"
"830",-0.620775331600816,2.29685210816143,0.766217095656821,0.939467993783109,1.77153352447299,"1"
"831",-0.559431451791143,2.35634431543488,0.0881268620484632,0.648623730598219,1.28900992909817,"1"
"832",-0.628416141434045,2.28028411889079,-1.37187028389364,-0.805568467915656,0.478966653754882,"1"
"833",0.117142168813833,2.20982577961697,0.357280335025387,0.741705100256476,1.63383016277223,"1"
"834",0.237572810122386,2.12480418574811,0.193028091205874,0.669942912492004,1.51700736695898,"1"
"835",-1.10026741394131,2.57311902600113,1.14475734670517,1.0216295918646,1.58407697757837,"1"
"836",0.457866852008285,0.185734588928569,-1.32171919609469,0.113898493802852,1.21923699107661,"1"
"837",1.74360331754976,0.34672337093253,-3.14112867378108,-2.01451553104213,0.21314539449604,"2"
"838",2.05490995549067,1.53393510591011,0.0476954852231141,-0.559957220411318,1.59294842133255,"1"
"839",2.00777597357543,1.38376308155847,-0.746690432512008,-2.43813527378888,1.02021362734044,"1"
"840",2.9582436942953,1.54499450993135,-1.25527426088254,-0.0833634150854841,0.922040034188086,"1"
"841",2.17198313492542,1.63237882230032,0.0574097542201524,-0.318706023054316,1.3274772438657,"1"
"842",2.62638104809944,0.176707452874764,0.640967996959257,0.321036324031706,2.19330309873005,"1"
"843",2.10744890134463,0.648463043206705,-0.585629748874069,0.0321241848711594,1.33051061779256,"1"
"844",2.41925069716976,1.46310561994229,0.154566416407539,0.25295017109897,1.41779000415112,"1"
"845",1.82171137507959,0.571413260077146,-1.05715679695314,0.545721168682108,1.02539287897475,"2"
"846",2.65407789766309,2.69483594767297,-0.738559331604557,-0.868655785296724,0.410095650795229,"2"
"847",2.55099416247792,1.47854313072981,-0.663029505719455,1.08477400486768,0.726460339265435,"2"
"848",2.23697255991615,1.44073845544495,-0.533659640543701,0.282322502653829,0.944909288344278,"2"
"849",2.51157474868837,-0.205487798495,-1.92446078664236,-1.74861009574273,0.644867709807999,"2"
"850",2.83976935851122,0.421612489228056,-1.16156094214984,0.176887209723152,0.968391876191241,"3"
"851",3.13224957760433,0.538071668756786,-0.150906661478557,-0.0173540097420887,1.41538592279615,"2"
"852",2.86737475310105,1.35845811821368,-0.832744741154481,-0.938246069455902,0.642914828137253,"3"
"853",3.40563632947959,1.01431101201698,-1.29942467279593,-0.263816682817416,0.707838366955206,"2"
"854",3.12161847394997,0.67959238061339,-2.0968546532777,-1.70710414167549,0.079935018804893,"4"
"855",3.42321591588946,0.711390775285799,-1.91195025053771,-1.15947457073606,0.292627973570059,"2"
"856",3.20631890498543,-1.3072201776942,-0.499677161867885,-1.10007360094622,1.55743999100668,"2"
"857",3.11512437253338,0.0798240915004616,-2.91630251089989,0.512316042301485,0.074837386806762,"2"
"858",3.05873551059137,1.48072124984027,1.79095281877875,0.81768283930992,1.89184808166818,"2"
"859",3.08985592714551,1.15893755814376,-0.668479199085103,0.787900314541642,0.683794546071731,"2"
"860",3.4983738126923,0.5719211619471,0.0174121560520704,0.127322307033489,1.17037477021102,"3"
"861",3.02621115259114,1.90892862800166,-2.69113150020863,0.0849986182465555,-1.11843404726737,"3"
"862",2.53951415023388,4.29007400500129,-3.05911488921837,-0.0482850605504731,-1.75189289169257,"2"
"863",0.31899396350476,0.260280486071066,-1.46935876361182,-1.60096790436262,0.101365996829216,"3"
"864",2.43735274968026,1.2193008121304,2.39037751079499,0.60948037345708,1.71265959095645,"1"
"865",0.75048708702038,1.38720329657886,-0.7207654316155,1.54906178512821,0.160304411667573,"3"
"866",1.26962052600512,0.810878159876619,-1.47586591971303,-0.296543043007023,-0.41643859518091,"2"
"867",0.886498232149067,2.18131757557807,-0.0116209695383896,0.415017897618414,-0.139494221142483,"2"
